/*
 Navicat Premium Data Transfer

 Source Server         : NAS-DB
 Source Server Type    : MySQL
 Source Server Version : 101102 (10.11.2-MariaDB)
 Source Host           : okra.pub:34570
 Source Schema         : studentdatabase

 Target Server Type    : MySQL
 Target Server Version : 101102 (10.11.2-MariaDB)
 File Encoding         : 65001

 Date: 22/03/2024 10:46:10
*/

SET NAMES utf8mb4;
SET FOREIGN_KEY_CHECKS = 0;

-- ----------------------------
-- Table structure for admin_info
-- ----------------------------
DROP TABLE IF EXISTS `admin_info`;
CREATE TABLE `admin_info`  (
  `ID` varchar(16) CHARACTER SET utf8mb3 COLLATE utf8mb3_general_ci NOT NULL COMMENT '管理端唯一识别码',
  `NICK_NAME` varchar(16) CHARACTER SET utf8mb3 COLLATE utf8mb3_general_ci NULL DEFAULT NULL COMMENT '管理端备注名',
  `PASSWORD` varchar(16) CHARACTER SET utf8mb3 COLLATE utf8mb3_general_ci NULL DEFAULT NULL COMMENT '管理端密码',
  `NOTE` varchar(255) CHARACTER SET utf8mb3 COLLATE utf8mb3_general_ci NULL DEFAULT NULL COMMENT '备注信息',
  PRIMARY KEY (`ID`) USING BTREE
) ENGINE = InnoDB CHARACTER SET = utf8mb3 COLLATE = utf8mb3_general_ci ROW_FORMAT = DYNAMIC;

-- ----------------------------
-- Records of admin_info
-- ----------------------------
INSERT INTO `admin_info` VALUES ('0', 'Administrator', '3BF99C5E505B9BE5', '超级管理员');

-- ----------------------------
-- Table structure for cost_pay_info
-- ----------------------------
DROP TABLE IF EXISTS `cost_pay_info`;
CREATE TABLE `cost_pay_info`  (
  `PAY_INDEX` varchar(8) CHARACTER SET utf8mb3 COLLATE utf8mb3_general_ci NOT NULL COMMENT '费用索引',
  `COST_INDEX` varchar(8) CHARACTER SET utf8mb3 COLLATE utf8mb3_general_ci NOT NULL COMMENT '缴费索引',
  `STUDENT_ID` varchar(16) CHARACTER SET utf8mb3 COLLATE utf8mb3_general_ci NOT NULL COMMENT '学生ID',
  `COST_PAY` float NULL DEFAULT NULL COMMENT '已缴费用',
  `PAY_NOTE` varchar(255) CHARACTER SET utf8mb3 COLLATE utf8mb3_general_ci NULL DEFAULT NULL COMMENT '缴费备注',
  `PAY_DATE` varchar(32) CHARACTER SET utf8mb3 COLLATE utf8mb3_general_ci NULL DEFAULT NULL,
  PRIMARY KEY (`PAY_INDEX`, `STUDENT_ID`, `COST_INDEX`) USING BTREE
) ENGINE = InnoDB CHARACTER SET = utf8mb3 COLLATE = utf8mb3_general_ci ROW_FORMAT = DYNAMIC;

-- ----------------------------
-- Records of cost_pay_info
-- ----------------------------
INSERT INTO `cost_pay_info` VALUES ('03245457', '650c3b38', '2210002563', 0, '', '');
INSERT INTO `cost_pay_info` VALUES ('1d1d98f0', '4a46213e', '2210002563', 0, '', '');
INSERT INTO `cost_pay_info` VALUES ('1e3787fd', 'b0d018de', '2210002565', 100, '', '');
INSERT INTO `cost_pay_info` VALUES ('2089eba3', '0a3ca838', '2210002566', 5500, '', '2021年6月6日');
INSERT INTO `cost_pay_info` VALUES ('29cad3df', '0a3ca838', '2210002563', 0, '', '');
INSERT INTO `cost_pay_info` VALUES ('35a29746', '0a3ca838', '2210002567', 0, '', '');
INSERT INTO `cost_pay_info` VALUES ('3b8e6556', '650c3b38', '2210002565', 0, '', '');
INSERT INTO `cost_pay_info` VALUES ('5a63653e', '4a46213e', '2210002566', 150, '', '2021年6月6日');
INSERT INTO `cost_pay_info` VALUES ('5be90199', 'aebf4dad', '2210002567', 0, '', '');
INSERT INTO `cost_pay_info` VALUES ('6d04266c', '0a3ca838', '2210002565', 5500, '学费', '2021年6月6日');
INSERT INTO `cost_pay_info` VALUES ('701f636d', '8fd428d7', '2210002563', 350, '', '2021/6/6');
INSERT INTO `cost_pay_info` VALUES ('769d806b', '4a46213e', '2210002567', 0, '', '');
INSERT INTO `cost_pay_info` VALUES ('80296f03', 'b0d018de', '2210002567', 0, '', '');
INSERT INTO `cost_pay_info` VALUES ('a21da132', 'aebf4dad', '2210002566', 100, '', '2021年6月6日');
INSERT INTO `cost_pay_info` VALUES ('a74195cf', 'aebf4dad', '2210002565', 100, '李四报名费', '2021/6/6');
INSERT INTO `cost_pay_info` VALUES ('b0ad339b', '8fd428d7', '2210002567', 0, '', '');
INSERT INTO `cost_pay_info` VALUES ('b323ffe3', 'b0d018de', '2210002563', 100, '', '');
INSERT INTO `cost_pay_info` VALUES ('bb93e2e6', 'b0d018de', '2210002566', 100, '', '2021年6月6日');
INSERT INTO `cost_pay_info` VALUES ('c6d3e3e0', '8fd428d7', '2210002566', 350, '', '2021年6月6日');
INSERT INTO `cost_pay_info` VALUES ('cbc94674', '4a46213e', '2210002565', 150, '', '2021年6月6日');
INSERT INTO `cost_pay_info` VALUES ('d8e651ea', '650c3b38', '2210002567', 0, '', '');
INSERT INTO `cost_pay_info` VALUES ('dd121281', '650c3b38', '2210002566', -90, '', '2021年6月6日');
INSERT INTO `cost_pay_info` VALUES ('e3a73c40', 'aebf4dad', '2210002563', 100, '', '');
INSERT INTO `cost_pay_info` VALUES ('f8abb073', '8fd428d7', '2210002565', 350, '李四书本费', '2021/6/6');

-- ----------------------------
-- Table structure for cost_should_info
-- ----------------------------
DROP TABLE IF EXISTS `cost_should_info`;
CREATE TABLE `cost_should_info`  (
  `COST_INDEX` varchar(8) CHARACTER SET utf8mb3 COLLATE utf8mb3_general_ci NOT NULL COMMENT '费用索引',
  `MAJOR_ID` varchar(16) CHARACTER SET utf8mb3 COLLATE utf8mb3_general_ci NOT NULL COMMENT '学生ID',
  `COST_NAME` varchar(16) CHARACTER SET utf8mb3 COLLATE utf8mb3_general_ci NULL DEFAULT NULL COMMENT '费用说明',
  `COST_TYPE` varchar(4) CHARACTER SET utf8mb3 COLLATE utf8mb3_general_ci NOT NULL COMMENT '费用类型',
  `COST_NUMBER` float NULL DEFAULT NULL COMMENT '费用数量',
  `COST_NOTE` varchar(255) CHARACTER SET utf8mb3 COLLATE utf8mb3_general_ci NULL DEFAULT NULL COMMENT '费用备注',
  `SHOULD_DATE` varchar(32) CHARACTER SET utf8mb3 COLLATE utf8mb3_general_ci NULL DEFAULT NULL,
  PRIMARY KEY (`COST_INDEX`, `MAJOR_ID`) USING BTREE
) ENGINE = InnoDB CHARACTER SET = utf8mb3 COLLATE = utf8mb3_general_ci ROW_FORMAT = DYNAMIC;

-- ----------------------------
-- Records of cost_should_info
-- ----------------------------
INSERT INTO `cost_should_info` VALUES ('0a3ca838', '081002', '学费', '缴纳', 5500, '学年学费', '2021-09-01 00:00:00');
INSERT INTO `cost_should_info` VALUES ('4a46213e', '081002', '考试费', '缴纳', 150, '学年考试费用', '2021-06-06 00:00:00');
INSERT INTO `cost_should_info` VALUES ('650c3b38', '081002', '测试退费', '退费', -90, '测试退费', '2021-06-06 00:00:00');
INSERT INTO `cost_should_info` VALUES ('8fd428d7', '081002', '书本费', '缴纳', 350, '学年书本费', '2021-09-01 00:00:00');
INSERT INTO `cost_should_info` VALUES ('aebf4dad', '081002', '报名费', '缴纳', 100, '报名费', '2021-09-01 00:00:00');
INSERT INTO `cost_should_info` VALUES ('b0d018de', '081002', '注册费', '缴纳', 100, '学生注册费用', '2021-06-06 00:00:00');

-- ----------------------------
-- Table structure for course_pool
-- ----------------------------
DROP TABLE IF EXISTS `course_pool`;
CREATE TABLE `course_pool`  (
  `COURSE_ID` varchar(5) CHARACTER SET utf8mb3 COLLATE utf8mb3_general_ci NOT NULL COMMENT '课程ID 5位数字',
  `COURSE_NAME` varchar(64) CHARACTER SET utf8mb3 COLLATE utf8mb3_general_ci NOT NULL COMMENT '课程名称',
  `TEACH_BOOK` varchar(64) CHARACTER SET utf8mb3 COLLATE utf8mb3_general_ci NOT NULL COMMENT '教材名称',
  `BOOK_AUTHOR` varchar(16) CHARACTER SET utf8mb3 COLLATE utf8mb3_general_ci NULL DEFAULT NULL COMMENT '教材作者',
  `BOOK_PRESS` varchar(32) CHARACTER SET utf8mb3 COLLATE utf8mb3_general_ci NULL DEFAULT NULL COMMENT '出版社',
  `NOTE` varchar(64) CHARACTER SET utf8mb3 COLLATE utf8mb3_general_ci NULL DEFAULT NULL COMMENT '备注',
  `DELSTATUS` varchar(2) CHARACTER SET utf8mb3 COLLATE utf8mb3_general_ci NULL DEFAULT NULL COMMENT '删除状态',
  PRIMARY KEY (`COURSE_ID`) USING BTREE
) ENGINE = InnoDB CHARACTER SET = utf8mb3 COLLATE = utf8mb3_general_ci ROW_FORMAT = DYNAMIC;

-- ----------------------------
-- Records of course_pool
-- ----------------------------
INSERT INTO `course_pool` VALUES ('00015', '英语（二）', '《英语（二）自学教程》', '张敬源', '外语教学与研究出版社', '备注', '0');
INSERT INTO `course_pool` VALUES ('00022', '高等数学', '《高等数学》', '吴继桃', '北京大学出版社', '', '0');
INSERT INTO `course_pool` VALUES ('00067', '财务管理学', '《财务管理学》', '贾国军', '人民大学出版社', '', '0');
INSERT INTO `course_pool` VALUES ('00155', '中级财务会计', '《中级财务会计》', '孟永峰', '中国财政经济出版社', '', '0');
INSERT INTO `course_pool` VALUES ('02133', '信息政策与法规', '《信息法教程》', '朱庆华', '高等教育出版社2011年', '', '0');
INSERT INTO `course_pool` VALUES ('02134', '信息系统设计与分析', '《信息系统设计与分析》', '邝孔武', '清华大学音像出版社', '', '0');
INSERT INTO `course_pool` VALUES ('02136', 'Windwos及其应用', '《计算机公共基础》', '徐世良', '高等教育出版社', '', '0');
INSERT INTO `course_pool` VALUES ('02141', '计算机网络技术', '《计算机网络技术》', '张基温', '高等教育出版社', '', '0');
INSERT INTO `course_pool` VALUES ('02446', '建筑设备', '《建筑设备工程》', '刘金生', '中国建筑工业出版社', '', '0');
INSERT INTO `course_pool` VALUES ('03303', '建筑力学与结构', '《建筑力学与结构》', '胡兴福', '武汉理工大学出版社', '', '0');
INSERT INTO `course_pool` VALUES ('03708', '中国近代史纲要', '《中国近现代史纲要自学考试学习读本》', '王顺生', '高等教育出版社2018版', '', '0');
INSERT INTO `course_pool` VALUES ('03890', '装饰、装修工程施工', '《建筑装饰施工技术》', '兰海明', '中国建筑工业出版社', '', '0');

-- ----------------------------
-- Table structure for department_info
-- ----------------------------
DROP TABLE IF EXISTS `department_info`;
CREATE TABLE `department_info`  (
  `DEPARTMENT_INDEX` varchar(8) CHARACTER SET utf8mb3 COLLATE utf8mb3_general_ci NOT NULL,
  `DEPARTMENT_NAME` varchar(255) CHARACTER SET utf8mb3 COLLATE utf8mb3_general_ci NOT NULL,
  `DEPARTMENT_NOTE` text CHARACTER SET utf8mb3 COLLATE utf8mb3_general_ci NULL,
  `DELSTATUS` varchar(4) CHARACTER SET utf8mb3 COLLATE utf8mb3_general_ci NULL DEFAULT NULL,
  PRIMARY KEY (`DEPARTMENT_INDEX`) USING BTREE
) ENGINE = InnoDB CHARACTER SET = utf8mb3 COLLATE = utf8mb3_general_ci ROW_FORMAT = DYNAMIC;

-- ----------------------------
-- Records of department_info
-- ----------------------------
INSERT INTO `department_info` VALUES ('1392dd53', '0MXPormks8zRp9S6', '0MXPormks8zRp9S6ysfO98TPv8a8vLTz0aew7NGnwPrKt9PGvsO1xNGn1LrWrtK7oaPKvL2o09oxOTUyxOqjrDE5NzjE6tXQytW12tK7vey158b419S2r7uv16jStbG+v8bJ+qOsMjAwNcTquPzD+86q0MXPormks8zRp9S6oaPP1tPQsqnKv9GnzrvK2sio0ru8ttGnv8a14zG49qOsy7bKv9GnzrvK2sio0ru8ttGnv8a14zK49qOsuaSzzMu2yr/XqNK10afOu8rayKjA4LHwMbj2o6yxvr/G16jStTe49qO7yqG8ttbYtePRp7/GMrj2o6y5+rfAzNjJq9Gnv8a3vc/yMrj2o6zKoaGwy6vSu8H3obG9qMno0ae/xjK49qO7yqG8ttbYtePKtdHpytIxuPahosqhvLa5pLPMvLzK9dbQ0MQxuPahosqhuN/Qo9bYtePKtdHpytIyuPaju7n6vNLM2Mmr16jStb2oyei14zG49qOsufq3wNbYtePXqNK1Mbj2oaK5+rzS0rvB97G+v8bXqNK1Mrj2oaLNqLn9uaSzzL3M0/3Iz9ak16jStTG49qGiyqG8ttW9wtTQwtDL16jStTG49qGiufq80te/1L28xruu16jStTG49qGiyqG8tte/1L28xruu16jStTG49qGiyqG8tsjLssXF4NH4u/m12DG49qO7ufq80r6rxre/zrPMMcPFo6zKoby2vqvGt7/Os8wyw8WjrLn6vNK8tr3M0afNxbbTMbj2oaM=', '0');
INSERT INTO `department_info` VALUES ('693d3d3f', '1eLA78rH1Lqyv8P7s8Y=', '1eLA78rH1Lqyv7zyvek=', '1');
INSERT INTO `department_info` VALUES ('ab68e906', 'zcHEvrmks8zT672o1v7Rp9S6', '0afUurXE16jStcD6yrfR2Ljvv8nS1Ne3y921vTE5NTLE6tbYx+y9qNb+uaSzzNGn0KO/qrDstcS5pNK10+vD8dPDvajW/teov8bXqNK1oaO689Lyufq80tS6z7W199X7o6zT2jE5NjDE6s2j1rnV0Mn6oaMxOTg2xOq71ri01+m9qL2o1v65pLPMz7WjrL+qyrzV0MrVuaTStdPrw/HTw72o1v7XqNK116i/xsn6oaPL5tfF0afUusqm18q2087ptcTXs7Tzo6wxOTk0xOq/qsq81dDK1c3BxL65pLPM16jStbG+v8bJ+qOsMjAwMMTqv6rKvNXQytW9qNb+0afXqNK1sb6/xsn6o6wyMDAyxOq/qsq81dDK1bmks8y53MDt16jStbG+v8bJ+qOsMjAwNMTqtdfRp9CjvfjQ0MHL16jStbX31fujrDIwMTTE6rmks8zU7Lzb16jStbvxtcPF+te8oaPRp9S6z9bT0KGwzcHEvrmks8yhsaGiIKGwuaSzzLncwO2hsaGiobC9qNb+u7e+s9PrxNzUtNOm08O5pLPMobGhoqGwuaSzzMGm0aehsaGiobC5pLPM1Oy826GxoaKhsL2o1v7Rp6Gxus2hsLPHz+e55ruuobG5sje49rG+v8bXqNK1o7vTtdPQobDNwcS+uaSzzKGxus2hsLPHz+e55ruu0aehsTK49tK7vLbRp7/Gy7bKv9GnzrvK2sioteOjrNLUvLChsM3BxL7LrsD7wOCx8KGxuaSzzMu2yr/XqNK10afOu8rayKi146GjxuTW0KOsobDNwcS+uaSzzKGxyse5+rzS0rvB97G+v8bXqNK1vajJ6LXjo6yhsL2o1v67t76z0+vE3NS006bTw7mks8yhsbrNobC5pLPMwabRp6GxysfLxLSoyqHSu8H3sb6/xteo0rW9qMnoteOju6GwzcHEvrmks8yhsaGiobC9qNb+u7e+s9PrxNzUtNOm08O5pLPMobG6zaGwuaSzzMGm0aehsTO49teo0rXKx8vEtKjKoczYyau9qMno16jStaO7IKGwzcHEvrmks8yhsaGiobC9qNb+u7e+s9PrxNzUtNOm08O5pLPMobG31rHwu/HF+r3M0/2yv7XayP3F+qGiy8S0qMqhtdq2/sX6obDXv9S9uaSzzMqmvczT/cXg0fi8xruuobHXqNK1oaOhsM3BxL65pLPMobHKx87S0KOyqcq/teO9qMno1ti148Xg0/3Rp7/G1q7Su6OsobDNwcS+uaSzzKGxoaIgobC5pLPMudzA7aGxus2hsL2o1v67t76z0+vE3NS006bTw7mks8yhsdLRtuC0zs2ouf3Xob2osr+xvr/G16jStcbAucAoyM/WpCmho9Gn1LrKx8vEtKjKoaGwzcHEvrmks8zXqNK1obG6zaGws8fP57nmu67XqNK1obGxvr/GyMuyxcXg0fi7+bXYoaPEv8ewo6zU2tCjsb6/xsn6MzEwMNPgw/ujrNHQvr/J+jUwMNPgw/uhow==', '0');
INSERT INTO `department_info` VALUES ('f1b2f8cc', 'u7e+s9Pr18rUtNGn1Lo=', 'vrPT69fK1LTRp9S6ysfO98TPv8a8vLTz0afA+sq31+7OqtPGvsO1xNGn1LrWrtK7oaPRp9S6tcTHsMntzqq9qNb+ssTBz7mk0rXXqL/G0afQozE5NTjE6r+qsOy1xLfHvfDK9L/ztLK/qrLJ16jStbrNtdi/sdeo0rWjuzE5NzjE6rei1bmzyc6qy8S0qL2o1v6yxMHPuaTStdGn1Lq1xLfHvfDK9L/zz7WjuzE5OTPE6tGn0KO4/MP7zqrO98TPuaTRp9S6uvO3x73wyvS/88+1t9bOqru3vrO5pLPMz7W6zdfK1LS+rbzDuaSzzM+1o6gxOTk4xOrXytS0vq28w7mks8zPtdPWuPzD+86qs8fK0L2oyejT67n6zcHXytS0z7WjqaOsMjAwMMTq0afQo9fpvaizycGizvfEz7/GvLy089GnuvOjrLu3vrO5pLPMz7W6zbPHytC9qMno0+u5+s3B18rUtM+1t9ax8LjEzqq7t76zuaSzzNGn1Lq6zbPHvajRp9S6o7syMDA1xOox1MKjrNPJ1K27t76zuaSzzNGn1Lq6zbPHvajRp9S61+m9qLPJzqrP1tTatcTRp9S6oaqhqru3vrPT69fK1LTRp9S6oaM=', '0');

-- ----------------------------
-- Table structure for major_course
-- ----------------------------
DROP TABLE IF EXISTS `major_course`;
CREATE TABLE `major_course`  (
  `COURSE_INDEX` varchar(8) CHARACTER SET utf8mb3 COLLATE utf8mb3_general_ci NOT NULL COMMENT '课程索引',
  `MAJOR_ID` int NOT NULL COMMENT '专业代码',
  `COURSE_ID` varchar(5) CHARACTER SET utf8mb3 COLLATE utf8mb3_general_ci NOT NULL COMMENT '课程ID',
  `COURSE_NAME` varchar(64) CHARACTER SET utf8mb3 COLLATE utf8mb3_general_ci NOT NULL COMMENT '课程名称',
  `SCORE` varchar(2) CHARACTER SET utf8mb3 COLLATE utf8mb3_general_ci NULL DEFAULT NULL COMMENT '学分',
  PRIMARY KEY (`COURSE_ID`, `COURSE_INDEX`) USING BTREE
) ENGINE = InnoDB CHARACTER SET = utf8mb3 COLLATE = utf8mb3_general_ci ROW_FORMAT = DYNAMIC;

-- ----------------------------
-- Records of major_course
-- ----------------------------
INSERT INTO `major_course` VALUES ('23a72f03', 580201, '00015', '英语（二）', '5');
INSERT INTO `major_course` VALUES ('d5f9aac9', 81002, '00015', '英语（二）', '10');
INSERT INTO `major_course` VALUES ('5ef3e761', 81001, '00022', '高等数学', '5');
INSERT INTO `major_course` VALUES ('10b6bf13', 81002, '02133', '信息政策与法规', '5');
INSERT INTO `major_course` VALUES ('541ce256', 81001, '02133', '信息政策与法规', '6');
INSERT INTO `major_course` VALUES ('873ccba4', 82901, '02133', '信息政策与法规', '5');
INSERT INTO `major_course` VALUES ('9fcb6366', 81002, '02134', '信息系统设计与分析', '3');
INSERT INTO `major_course` VALUES ('b8d7ac57', 81001, '02134', '信息系统设计与分析', '6');
INSERT INTO `major_course` VALUES ('9ff5f1fc', 81001, '02136', 'Windwos及其应用', '5');
INSERT INTO `major_course` VALUES ('54f6e894', 81002, '02141', '计算机网络技术', '3');
INSERT INTO `major_course` VALUES ('c3fab6f4', 81001, '02141', '计算机网络技术', '3');
INSERT INTO `major_course` VALUES ('32ce028b', 82901, '02446', '建筑设备', '5');
INSERT INTO `major_course` VALUES ('4868300d', 82901, '03708', '中国近代史纲要', '5');
INSERT INTO `major_course` VALUES ('b9e81004', 580201, '03708', '中国近代史纲要', '6');
INSERT INTO `major_course` VALUES ('cfaec53c', 81002, '03708', '中国近代史纲要', '5');

-- ----------------------------
-- Table structure for major_info
-- ----------------------------
DROP TABLE IF EXISTS `major_info`;
CREATE TABLE `major_info`  (
  `MAJOR_INDEX` varchar(8) CHARACTER SET utf8mb3 COLLATE utf8mb3_general_ci NOT NULL COMMENT '系部索引',
  `MAJOR_NAME` varchar(255) CHARACTER SET utf8mb3 COLLATE utf8mb3_general_ci NOT NULL COMMENT '系部名称',
  `MAJOR_NUMBER` varchar(16) CHARACTER SET utf8mb3 COLLATE utf8mb3_general_ci NULL DEFAULT NULL COMMENT '专业代码',
  `MAJOR_NOTE` text CHARACTER SET utf8mb3 COLLATE utf8mb3_general_ci NULL COMMENT '系部简介',
  `BELONG_SYSTEM` varchar(8) CHARACTER SET utf8mb3 COLLATE utf8mb3_general_ci NOT NULL COMMENT '所属院部',
  `DELSTATUS` varchar(4) CHARACTER SET utf8mb3 COLLATE utf8mb3_general_ci NULL DEFAULT NULL COMMENT '删除状态',
  PRIMARY KEY (`MAJOR_INDEX`, `BELONG_SYSTEM`) USING BTREE
) ENGINE = InnoDB CHARACTER SET = utf8mb3 COLLATE = utf8mb3_general_ci ROW_FORMAT = DYNAMIC;

-- ----------------------------
-- Records of major_info
-- ----------------------------
INSERT INTO `major_info` VALUES ('06eac3d7', 'tefX07/G0afT67y8yvU=', '080702', 'tefX07/G0afT67y8yvW88r3p', '7b202c4a', '0');
INSERT INTO `major_info` VALUES ('1e3d2572', 'u/q159K7zOW7r7y8yvU=', '580201', 'u/q159K7zOW7r7y8yvW88r3p', '63322dac', '0');
INSERT INTO `major_info` VALUES ('331faf63', 'yfqy+rn9s8zX1Lavu6+8vMr1', '580203', 'yfqy+rn9s8zX1Lavu6+8vMr1vPK96Q==', '63322dac', '0');
INSERT INTO `major_info` VALUES ('47ae84c1', '0MW6xdPr0MXPorSmwO0=', '081002', '0MW6xdPr0MXPorSmwO0=', '1641eae3', '0');
INSERT INTO `major_info` VALUES ('5286711e', 'tefBps+1zbPX1Lavu6+8vMr1', '580204', 'tefBps+1zbPX1Lavu6+8vMr1vPK96Q==', '63322dac', '0');
INSERT INTO `major_info` VALUES ('721be5a3', 'sLLIq7mks8zXqNK1', '082901', 'xeDR+MS/seqjurG+16jStda81NrF4NH40afJ+tXGztWwssirv8bRp6GisLLIq7y8yvW8sLmks8y6zbCyyKu53MDttcS7+bShwO3C26Giu/mxvtaqyrahorv5sb68vMTcoaPF4NH4tcTRp8n6vt+xuNT6yrW1xLCyyKvJ+rL6u/m0odaqyrahos/WtPqwssirudzA7daqyra8sNOm08PE3MGmo6zBvLrDtcS0tNDCtLTStdLiyrajrL7f09CwssiruaSzzMqm06a+39PQtcS7+bG+xNzBpqOsyqTIzrCyyKu5pLPMtcS498/uuaTX96Osvt+xuLCyyKu8vMr10+u5pLPMoaKwssirv8bRp9Pr0dC+v6GisLLIq7zgsuzT67ncwO2horCyyKu9ob+1u7e+s7zssuLT67zgsuKhorCyyKvJ6LzG0+vJ+rL6oaKwssirxsC826GisLLIq73M0/3T68Xg0bW1yLe9w+a1xNaqyra1xLjfy9jWytOm08PQzcjLssWhow0KDQrW99Kqv86zzKO6t8C78NPrt8CxrKGisLLIq9Gn1K3A7aGisLLIq8+1zbO5pLPMoaKwssiryMu7+rmks8zRp6GisLLIq7ncwO3Rp6GisLLIq8bAvNvT69SksuKhos/7t8C5pLPM0aehorCyyKu87LLi0+u84L/YoaKwssirt6jCybeoueahorv60LXT67XnxviwssiroaK5pNK1zai359Prs/2zvqGivajW/sqpuaSwssirtcihow0KDQq+zdK1t73P8qO6sc/Stcn6xNzU2sn6svq9qMno0rvP36GiuaS/86GizPrCt6GivajW/sbz0rWhotX+uK7P4LnYsr/DxaGi0NDStbCyyKu53MDtsr/DxbXIxvOhosrC0rW1pc67tNPKwrCyyKvJ+rL6vOC2vbzssumhorncwO2hota4tbyhor3M0/21yLmk1/ehow==', '1cd840c6', '0');
INSERT INTO `major_info` VALUES ('7688d8f0', 'tefG+NfUtq+7r7y8yvU=', '580202', 'tefG+NfUtq+7r7y8yvW88r3p', '63322dac', '0');
INSERT INTO `major_info` VALUES ('bd0406c0', 'zajQxdPr0MXPos+1zbM=', '081001', 'zajQxdPr0MXPos+1zbPXqNK1vPK96Q==', '1641eae3', '0');
INSERT INTO `major_info` VALUES ('cb00bfd1', 'tefX09DFz6K5pLPM', '080701', 'tefX09DFz6K5pLPMvPK96Q==', '7b202c4a', '0');
INSERT INTO `major_info` VALUES ('df247130', 'zqK159fTv8bRp9PruaSzzA==', '080704', 'zqK159fTv8bRp9PruaSzzLzyvek=', '7b202c4a', '0');

-- ----------------------------
-- Table structure for portrait_img
-- ----------------------------
DROP TABLE IF EXISTS `portrait_img`;
CREATE TABLE `portrait_img`  (
  `STUDENT_ID` varchar(8) CHARACTER SET utf8mb3 COLLATE utf8mb3_general_ci NOT NULL COMMENT '学生ID',
  `IMG` longblob NULL COMMENT '头像图片',
  PRIMARY KEY (`STUDENT_ID`) USING BTREE
) ENGINE = InnoDB CHARACTER SET = utf8mb3 COLLATE = utf8mb3_general_ci ROW_FORMAT = DYNAMIC;

-- ----------------------------
-- Records of portrait_img
-- ----------------------------
INSERT INTO `portrait_img` VALUES ('58370296', 0xFFD8FFE000104A46494600010101004800480000FFDB00430007050506050407060506080707080A110B0A09090A150F100C1118151A19181518171B1E27211B1D251D1718222E222528292B2C2B1A202F332F2A32272A2B2AFFDB0043010708080A090A140B0B142A1C181C2A2A2A2A2A2A2A2A2A2A2A2A2A2A2A2A2A2A2A2A2A2A2A2A2A2A2A2A2A2A2A2A2A2A2A2A2A2A2A2A2A2A2A2A2A2A2A2A2A2AFFC0001108013C00EC03012200021101031101FFC4001C0000010403010000000000000000000000000203040701050608FFC40042100001030204030604030603070500000001000203041105122131064151071322617181143291A123B1C1154252D1E1F03362F10824344353729216548293A2FFC4001B01000105010100000000000000000000000001020304060507FFC4002A11000202010304020104030100000000000001020311042131051241511322321423336142718106FFDA000C03010002110311003F00ED90842D998404210800421080042108004210800421080042108004210800421080042108004210800421080042108004210800421080042108004210800421080042108004210800420024E8890474F1F79553C54ECDF34AF0D1F748E4A3BB163172784610B8BC67B50C1B0BAA31525B100D367491B8E5FAD97258D76C959317C58543153B2F66C8D04B88EBE21A2AD3D5D51F25C868AE9F82E2B7922DE4A808BB50E21EF9CF6E22E00EA4002C3D1AE06CA58ED331B7BC48EABCD66EF90116EB651AD754C7CBA7DC8BD2CB1A2A7A83B54C4A3786D406CAD7820E61A83D41EA3A73F55BAA3ED3E29A26099A237389171ADCF23A9DBAFF00614B1D554FC90CB49747C163ACAE6F0BE2BA3AFAB1039F9739CA0B8652C7E9E120F23B83B72E8BA10F6BAE5A41B6FE4A78CE32E195E50947942D084270D042108004210800421080042108004210800421080042108004210800580DB8BE81A372740024B886C4E7BAC1AD04924D869E6A9CE3AE3F7570751D1CE1D0822E197C8F23C8D89D799F2D0286EBA35472CB14512B658476DC4DDA161F828929E8678E69DA0873DB6735AEE9BAA5B1FE28C471EAA74D5F56F9F5F0B038E568FF0028E4B453544950F2E7BAC1BB7F449372CB0758733CCAE05DA89DCF7E0D1E9F4B0A97F660CD77DDC2C0752B2656800804F4BA6BC2DD00D7A949EF1D7D0FD1572F12E2981711900BEF64FB22EF2ED0F730DB42E1A289177B21B004EBBE54B8DF95D621C1BE44FE481A4889CE8C7889758F8B5DC20D635B940EA796E9892691A438588DAF7FB1519B200FB8BDBA5F6401D05263B2D25445330D8C62D942B230AE3D15D554D0D3D38616D3B733A492C0B87EF795EC06BD392A806520381163CB9A7E8B11751C87C2097104BCEF60A7A6E9D52CA20D469A17470CF4AE098A498AC0677C71C6C7303C343EE403B5FE8B6F6B2A3F05E38829A9E36B7BC63E18C35A1E747BF3789C48E56B58792B0F0DE2CA7C4EABBBA5AD7CECCD62E6C7941B6E45F5B72F6D976E9D5C2D78F2676FD1594ACF83AE42431D99A083BA5AB851042109001084200108420010842001084200108420016638CC8E00248172B98ED1B89FFF004C70C88299F6AEC43346C20D8C71DBC4F1E7A803D6FC9476D8AA8F7325AAB764BB51C7F699C7026A8760B854E5D4B1E933E336EF9E3717E6D1B7426E75002A92691CE7B8E5209D814F544AE74A4020B801A0D6CA36AE04DCDB97AACDDD74AD9659AAA288D31C2102325DF35FCD29C49B646E83FBBA951D1BBBBBBB60360A7C5824B358C9A3B2DFBB1CBD55594E30E4B7184A5C1A1EE9C4F8CFB27191B8C80339AE9A2E1E392F50E0D6FF007A04D1C3E395C5B4AC3934BBCEE9AAF8B25F8248D296DCEFFE891E1B5B5F72B7E3092E706C6338BEB71B9589F0134D0C6E2097CC7C22DF549F3478427C325B9A311B49B916D37EA9A14D9082F0013C9759170CBA40331B3B9E97BAD6CB86CFDF12C02DA8DB7288DB16F6612A669706881EEDEE63869CC0E49EEEF31B6841F6B15364C31E01CE0970FBA6DB4EF8E2BE800D013B297BD32271688999D11CBB5FEFFD574BC318FB30EC418FAB89B2DC650FCEE61039EDBAD0CF134B2EE2413A823629AA77343ECEBDAFF45345B849344728A9C5C59E90E1DC5A3AFA763A9E5CED70D1A4DC0EA35E9FD85D12A63B3BC6E48ABA0A779F0123C5CDADEBE9AEB7573DC1171A83CFAAD2D16AB209A323A8A5D3638B1484214A4008421000842100084210008421000842100394CC0F9803B735E76E3BE23971FE25ABAA965223CEE8E01B88E26921A07AEA7D4957D6315CEC3386314AE8ED9E1A591CCB9B78AD61F72BCBB55F89296B9C77DFC87F55C7EA3379513B9D32B5BC86BBB2C195A2E5DBB2FF00DEAB6B87D13EBAA62820607B89B68140A688CB2089837EBB9567709E10CA289B3CC034BC7CD6B9F6FE6B3FA9BFE28FF66934F4FC9234C700EEA5829AD62F94171035B6DF9AE9C602E93FE1E2688A2D0C85BE2256E287057E218E1AE11BA2A760CB1B89D5FE9E5A9D7CCAEAE9F0F81AD10E51DD5B6036F35C5B6F94B075E1546392BE770BF78C2D8C5CDAC03B6F7B24C7C292B5C3BC8B3C4C1A006C3E8ACB6D1B013A5F92C9A386317115D314ECF63DA8FA3868385E28ECE2CB802C42D4D46102A3889AF7B5E591821BA6800DC2B37E161B7F867AEC9AA8C3A0393BB8DCC2C16D02745C93C8C786704FA1D0800FE1C7A786D6BEBA9FA26E9305845239D3C635DC792EF1F461EE1788DB4BDD33FB35B9FE4691CADC93652696112248ACAAB03115435E5B76ED7B5EFCB55A0A9C27BAACF8695BA023E855D1FB080A5B65065CC5D7BF5E4B498DF0B4B34466A588F7A01D00B8B792B556A1C3192BD94C67C14F56D1360CF1EF6361D5699B16578EB7D3C97738F61E4B5D206491CC078A27348371BD9720630E716DAC46BAF30BAF5DDF244E55B4FC52246135925155B258890E6B8103F84F50BD1981E21FB5F00A4AFCB63233C42FCC687EE179B48EED81D6DCEE0EEAE8ECA2A5F36015B4AE24B6195AE66BA0CC0DEDD36FAAECF4FB712EC385D4E9CC7BCEED0842ED99E0421080042108004210800421080042108034BC6648E00C66C09269EC2DEA353E4BCDEE6DA4759A74E6BD31C48E23837196B72DCD1C83C5B6A179B9ED0D98800E5DD70FA8AFBA341D2DFD1A2770FC0E9B116F845CEC0ABAB03A170A2682D177EA6FBD9551C2146FA9AE64718F113A9F7577E1D07750B5801B6C0AC9EB9E65835FA3DA3926C1036DE226C05AC14A8E389ADD0EA398DD6621F8605B6E7E49423717E9637F65452C169B31A5896734832124682E39273B9933DECEDB5E5FEA9058F0EF05B7F74B863722731007E11363C88D565F33EC7F0EEDB69E682D739DA817F54063B4BDAFB1B7252462C4C8D39E5C034C647409176B05AC4DCF24B732524B771E8B2CA72E23C3AF3E8A39A62C58FC2D128B875EC742774FFC235B7734B80DB44B8207017D45BCD486476B9277E454AA3F518E4721C5581475D87C97682E602E6DB7F354055D2F755CE8EDF2123E9BAF4CE2DFF04FCBFC24AF3CE331B7F6ACCE034EF08D391E455CD03C4E48A9ADDE11668DD668C8F02D7B93D07556F764040A2C59AE1677E11F6F12A99DDDCC6C6E0B80D7627FBD15B7D92308A3C55EED7589973D466BAD0E8BF991C1EA1FC0CEF8ACA10B466501084200108420010842001084200108420066AA36CD85D6C520CCD7D3C8D22DBF84AF334966C9679CA4585D7A86136905F6E6BCDBC4744293882B22C85B967780D3B8B38D9727A8C72948EDF4B9E24E2765D9A528748E95DBDAC3CB556BB08637A753E4ABCECB600FC32499CDD4BC8BAB0E4A47D442C65B43F36B6BFF00458ABB13B1A36F57D60991AB31C869CF74CB968F99C47D94093B45C2E86410D5CEDBEC4463BCFC96E1DC3341561A6B9BDF860D23D9BAF926E7E16C27BAEE86154C59CBF047E69E9C60B8236A4FC8D527687C355B61FB42285C34B480B75F7DD6C22C5286A8FF00BBCF1CA0EC43815CF5470AE16C9730A6880DB41B7B29787E114D4F25E9A3681D0724D94EB7C0F8A92E4DDF7B779D7D3A14B2E00025C189B928DDDD839AC7CD47A8A732C23339D6E56512E7725C18AAC628E8A2CF34BCCEC2EB9AC43B50C1A89E6284C933C1B7862214F761919191E6F7EA974DC3987B5E49A76BC9E45AA453AD78239464D1A2A6ED562AA798F30A7E9717FEF45DC61B8F45503521E08DDBA8BA8C704A19E311C94501674EE804AA2E1CA5C3EE216E469D813A0F252FC919AE08BE36BC93710687C66C458EA150FC514A296B5A2C039C1C5D7E7AABE5B0BFE1CB66D4B0E9E8A9CED3A21498AB5FCE467845B637469B6B76F236F7DD560AF4C4E130B1F10237E42EAEEECD2311F0B544AD1E19AA4907AD9A02A632E699D71B92D23A595F7C0D4ADA5ECE308B3B31998E95C7CDCF2B4DA0FE5335D4B3F09B94210B4066410842001084200108420010842001084200C34EA0AA43B44A789DC4B573C4D233C84E7CDA1E474B69A82AEF6FCC1573C698532A786712AE8DB67D3BDCF22DAD8BC0BDFF00BE6B95D4ECECAB1ECEC748AFBED6FD12BB29808E15EF48D0CAEFA056412D8298BDD6D05F55CAF0251FC070850C5ADCB736BE64AE8A663A56D8816587B5FD9B37352FAA47398D639C46620303A6A579E6F2F2727D373E8B9AE26A9A8A4E1D35E78AF19A8AEEEA41DCD1E580C53103BBCD19D7BABE6B9173B6AAC5A4C320EF3311AF54AAEA069178C307F988D515CFB37C6459C14B6CE0A6F84F8CB8A1E5EEC664755518207773C7F8C2FCDA40B9B0EB756AF0FE6A8A995B249F8719043BA84C4783B7E23BC7B89CA79F55B082110071673DFD536C9A6FBB03E116976E4DACD344E037B5FAA7236432D23AC0071D1AB532C81A1A2422E4F553A9C92D0413A724C4F3C8E71D8E62AF116E1715755D54324A2905C4508BBA4370001EE6CB81E38E29C7A8F0AA19E87149E1AAAB69965A7A08DA21A6611E16193579941D4DF28E8159F88523457BA52080E1A950061E5B2F85DA5F62DB85255255F8C91D90EEDB38393C12A3173C274B8B61BC415E31291B67E1F89CC27F8870162E60680E89A4EC1D75DA6038CE375AC6B319C2DD4F2917BF780FE4B61875298C83F8563CF2A953C30892F180E773253E52EFDF181AA1D9B726D0C2EF850E7F317F454D76B94BDE4D43203605C41F3E6ADF81CFEE835E491E6AB8ED6E8BBCC0E39C0D629093E965351DB9C905CA5C156E1F85CB88325999F870530CF2BEDA1D40B0EA75D95F58653368786F0DA465808E06EC2DBEA3EC5730CE1B8B0BECEE0A7959F8F68E4276B17589BAEB735E18BA0636DF40B45D25BB2C94BC233DD69285705E5994210B4665810842001084200108420010842001084200C37E60B9BAEA36B705C4E8A625E2A0B98EB8DD748375A3C5DB23EB25A589A4C92812457D9DA0047E7F45C6EB11CE9FB8EF74296353DBECD8E0CDEEB02A16D8E9036E2DAADF450B656E82EB4984195D8641DFC4E8A5032B9AEDC58ADE53BAC000B1B98C8DA4576BC0CCD1985FE1DF96AA33E57486C765B39E1240FB68B5F2372024A6344A98D345FCBF24ECE0C200D35DAEA27C4F752002D73B02A67C3D4D7569A87B5C410001D0266322F04437B8B0BA9D4F6CB66E8427E7A36D3B6299EE0F6C9B8CDB109DA4A412503A48C8CD9AD941D427A8311C9608988C024A2EF06AEBF55A866A2CF39C7984FE39F1986D0B9CC69B33703982B57455A2A59A68EDD23C6430F193710C86DCC79F55B3A48048E19941A78BBC0011AADB53425A35D80B8B754E8AF635BD879F1B221A0B05CB719612FC5B037D2C1AC8F7B4B74BEDAFE8BA39A571B827ECB558C4955F05970E6E7A97F85BADAD7D09F609CFEBF8917E473780554B8AD0F73580BDA72025DADECE0B7F2E9210144C330D187564542CD5F18324CEF41A052A43F88EF55ACE86BF61B327FF00A0966F49021085DF33608421000842100084210008421000842100613188C41F0C352CD2481FAB87269FEBF9A79298F2D3A283514ABAB70658D35F2D3DAAC8F8110CED7CAED773753E0972B869BA853B58DA46C90C6C8CB640496802FEA9513C9DF70B0BAED27E967DACDF68756B555F7246EDAF6C82F73AF55ADC40B5B9AD7B8D5390C84B74D0F4587539A894190836DF4E5D15493CA2EC366686491D0C0EAE11BA4C841CA37CA0A8588F1363B535ACA5C01F431416BBA6AB6B9C479068235F75D54B15B416000D9423463239F042CEF0DEC48B02511781EDE56E41762353150015059354068CE618CB5A4F500927EEB4B8F711E3B4944D7E0987B26943BC724CE368C7906EA7D7F35D34F4914713A57C7A9B07697253CC642D6021B6BF408CFD85DB068E8788EB71AC1451D7437AD9A3CAE6B6F9631CCDCF9221C1DD4B5AD25F68F703F45D1C4C6340BC606BB5AC9D34B14EDF18D46A09EA9B86D89DCBC08A5F08B38DC83CD4E6D4787422CB5ED6185E1A1B71C92992D9C3EF7489B1B244990DCDEFE6A2BA789B531B647B586C7283CCF44E026DEA90F706D13C39AD736476AD701620792BDA2D37EAA7D850D6EABF4B5FC8629E56B5D5335C78C0682A1B8DC92945E4B4340000D801601616DB47A55A6ABE3461F5BAA7AAB7E46084215B290210840021084002108400210840021084002108400E161968A66345CE5B8F6D53511CED05BF306EEA4D23809466D8EE1458D869AA65A776EC3607AB791FA2CB75DABF1B0D6741B57DA04984BB381B7A2932496035DF7214604670F0B13BC961B6E7DF45977B1A94B2449F1AA0A5ADC9255B04D7FDE9002A0627C7982D3DE186415128DC8759ACF749AFE15C2EB9C26AA85BF100E66CB6B961F2511BC3B490FF008F4F09E59BBA09F06B1BB1F18C73B8CB78DE07BEF51F0C603FF2DAEFD5433DA23691E4BE6A4737FE95ADA791DD489705C25B31269E13A0B8310B0B731A2CC74D84C447774909E5A47C94A947D9338C304FA3ED0F05C4A99CEF898A9A603E57BBF25B7C37158EB7C70CED906E0B36F45CE4BC3985E202F5B4EC747B98FBA02FF65B082929A84B0D28EED8FE57D2E996623C32B349F074AF923923B1BDF7D0EC9BC8335C0D53103AFE2B1B5AC9FCD600B5459048539C1B1B8F34DD43AD4F0B0E843013EFAAC1BCB3321BFCC75F21B949AA7E79891B725A8E854FE56B32BD7AEFC6B43484216A4CA02108400210840021084002108400210840021084002108400A8DD94DD3B5B4CFAB85B514CD2E9A2167300D5EDF2F30996EEB6B865C4CDB7554F57546DADC645ED1DD2AAC5289A486A83D835D0F3526D7B74FC973F894B2D1625561A3331B33C168F55230EC5E29ECDBEA3EABCEEC5D93713D1EB7DF052370699EE61C96B83A1728B5549364CAC91C0FA6CA6C7511B9AE31BAC63F9AE9E33C2298485C2E762354984D0B96727270DD4CF23A47CCF1DE69605224C26B60CBE2F0B7903FAF55D23AB06571D85B4488AB58EB77F61BFBA4C2E071AA8A091841B5C0DC9E6A664CEDB3ED73AD8F3F35244F0879EE46E77BEE9A9AAC0049CA05EE124B022581D85C19676C1265AD8E324BCE81696B31D8601E0D49E43AA8D406A311A912CE088C6A1BD511E4492D8EBE8E17474A6AA5195F28F037F859D7DD467EAE256E6B18D347098DC1CDEEDA0106FB05A77EEBD134308D74A8C4F39D7CE765CE523084215F39E08421000842100084210008421000842100084210008584B6B1CE3600A0306636DCADAD2C90D153C957572362A78586492471B06B40B9257315FC55C3F8093FB571482391A6C618CF7925FA656DC8F7B2AE7B45ED37F6F61430AC1E19A968DC734E65B07CC46A01009B01A1B5F7F45475162E11D1D2D2DBEE67766BE0C6669310A66B841583BE8C3859D95DA8B85AEA9C37C7DEC178DE39B535C15289B83F0A946A1D4AC07D85BF45D098B38BF2EABCF6FDED6CF43A768451A186B2AE2907C435CFCBB16E87FAA7E5C7618A4CD2073091A6669D14A9E9AC41CA912430CB15A46822CA1EE64DB1025E28A760B19F3DBFCAB5EEE25172448003A594AAAC1296527C00798515B805283A8FAA5EE5E86F6988F890992D18748EBE961B7927DD3E235CCD4776CE479A934945044E02360165B68E26966ADD3F448E5E87706A68B0801C1D35DE7CD749454C23036B5D36C601A9E7F753626BBA7F4491E46C8AF387B8F0E0DC678DE1789C8F930D93129AC3E63038BCF89BCEDD47B8F3B1E660B07C643D8E01CD7B4DC381D4107985E70C5E7238DF1C7B4DF3E213DBFF00B0AEBF00ED0715C228DB87B1D04F032FDD32A1A4E5F20E04103EB65BFD15BDB5C73E8C36BF4DDF36E3ECB710B86A0ED5E8257F758B61F2D2C83473A178905FADB4207B95D76178B6178D81FB2EBE1A87F38C3ACF1EAD363F65D556459C595338F826A13AFA6963F99A534411B84F4D3E08DA6B9042108101084200108590C71D82004A1267921A38BBDADA88A9A31BBA57868FBAE5F12ED3B86F0D6B9B4866C4661FF4DB923BF9B9DAFD014C9591892C299CDEC8EAC35C7609150F82869CCF5F51152C2379267860FBAA7B16ED7718AF9853D0363C3E3783AC2DCCEB7FDC6FAFA597198962F55884E65ACA89AA243BC93485E7EA55696A9782EC34137F9170639DAB6098634C785C6FC466D4079BC710F722E7D87BAAE31CED331EC64B98FAA34B01D3B9A7058DB7436398FD4AE3E59F3D80B38DD3C22BD9A2C093BF92A72BE53E19D2AF495C3944BA53239E6A257588D582DA5FAA4553C9BE6D7D53AE9008FBB61B3428EFB3878B54CDDADC9B64F62E3ECB2B054F02D332FE2A696585C3DEE3ECE0BB36BB203AECAA2EC93196D262D5B83CCEB7C5013C3FF701670FA5BE8AD791D63986856335D175DF246A34D2F9294C7242D71B1165125611A1D02941D76E8403D4A49B39BC8FA2AA5834750256BF44D34CA41BDF45B89238C923979240859AA68648D4ED04F3256CA36DADB1774BA6E3635A7C007AA9710196F6FAA5CEC0298DD45EE493B29924F15251CB51310190C66471F268BFE8A1B5D9A4B5972DDA4E2EEA3E1792829DD696B06590F46731EFB22BCB9E0649E0A4A9A774EE927909CF3486571EA49BFEAB602CE00B45F9A814C2CCCA397353196B15BEA63D9148C9CDE5EE47C48CAE844B138E666FE6145A5C5EA1920BBCDC1D0F30B64F6E606C2E085A592074150E69D3A144FBA2F2858A52D99DEE13DA3F10E1D1322871194B19B4738128B74B3B61E857554FDB0B9B4E4E2185453BC01734F2161F520872A8E06936BBB44FBA36BDA010411CC1B15242C9477209D15CB6C17961DDA36075AD1F1664A27126D719DA47AB45FECB774D8EE0F5B614B8A533C9170D2FCA7E86C579DE261681DE4B2496F949E4A6B26701A1D1598EA1FF0096C529E857F8B3D16637581B5C1E63658540D3E3B88D03DAEA4AC9A11B5A390B7F22BA3A5E3CC67E1DA0D6875B9C91B49FA9D5588DD17C94ECD2590F07438C76AD87523CC583D29A923FE74E4B5A7D1A353EF65C7D7F693C415CE21B5A6999FC14CD0C23DFE6FBAE35C5CE3FA24B8BD8DFB2A4ED948E9C34B08BDD132B712A8AA973D4CEF95E77748F2E71F72A048E7BF775964F537722C542F2F92DA8461C0C39AF9260ED630DDF5DFD1224901D3927641607A262D99FA6DE6A3687A636059CA745B6DAF251DADB91652469A258A06C55D6353BA511A1FEEE8B72B6B64F198DC5E1C5F0E2B05440E2C9A337691A58857AE0B898C5F0C6CA6C26B01237CD52385B43B17A56F27C96D15A78143252C800D5AFDF5599EAB05F2AFED1DBD037F1B3AC86F7216256002F7D53F1C5DE00E06E79A71D4D760D5715E4E9AE4D6B849C9DE7A0482D96E09D7D029A61B38DC5BCFA2C884661CCF50A34C70D53B2FAF3F3D54EEEBF0EEDBFD3759829CEF6B0F453BB80D602764E4B235B3533CCDA48C96EAE55CF1889AA21A9AB9CE82236BF2561E22D68B8B5CF45C571E11170956BDADB93963FABC053D0B36C57F688A6F116CAAE21689A53ECB2623D1A2E75E89E6BAD7B5B4F35BD4659FB16D1A7AA8988C05F1092DAC7F70A534DCF91597EBCAE2DAA1AF0099AD85F9803F64F871076D53461EEA6F0DC03A84F340CA6EE1E564D4B02E5343A1FA68744E46FD06BAF44D0D924120F4BA709844D074B6888CD9BF306F9269B269AFDCA5122FB5FCD3E1CFF00C1B2592044ED6D7582E0F3E2F658BEBE136D164580BA6E45C19CBA1B22F740361E217E5A959B9BEC8C0A3441BD8AC65F2DB9A74A448F005B9A60E3118B92754E036B6A1240CB181F53D566E7EA97002AF7905AC6E924EBA208F3B24FF764A35F24DC309662948E6005DF10CB7A9705754D49F0F51253CCC31C91C85AE6F3610750A8B0E23406C41B83CC2F48E0B2BBB47E04A2C7A02C7E3B037E1EB58D6868A87B37F20EB588F5B74B713AA69DD915647C1D4D05EAB6E32E188A2258D6EA6DD0EAB6F1BDAE0010B5747A3068E691A16B85883D0A98D95C371F45974F077319263A0888D53596161D85FD532E9AE2C49F74D126C771E887211449C248EDA01F44DCD339CDB03A2601246DF54F46CCDBA4CB62E1235B58DBB4DAF7E8B84ED25C21E10B7FD5AA89BF4B9FD159B3D2DE23A0554F6A737778052C3FC555B7A34ABBA287EFC7FD95F532FDA915BB64BDB4D6D6D9380804FF0065458DC9F163A83F75B7465C78386BCB9AC82362122E43C68117E5629C026A982480B868586F709981D71AFF00AA7FE4B5CFD5436B8C53BA3D81D5A980B04DDD3446FB5D19B5E6B00FB0B6A9C03CC3AF5212C3EFCACA3B4937CA09B6F64A786922FBD93E1CAFF435916E4959BD81BEC939B408CDEEA21C39CC145CDFC5F748079A5075C04E1C674B79744DB49925B1D6C896411B49E652A26164773B9D6E13589C0B3CD209B7259DC1BEE9241E86FCD2881BE9758759BA69741700CD5346F724EFD520610E446C6C7556FF006018DCD0F13D6609DED856426A2069E72C7B8F769FFF002A9E69E8B6780E3553C3F8FD1E2B466D3524C2416E6398F7170A39AEE8B4396CCF5FE33C34CC462FDA1873436AEDF890936129FD1DE7CF9F51C8CAD31B8B1CD735CC36731C2C5A7A11C959B85D7C18AE154B89D1BC3A0AB85B3308E608BA6317C068F198FF00DE18639DA2CD999A39BFCC79159AD469159BC793B146A9D7B4B82B3D4025643891A7E4B7388F0BE2942F21910AA8B9490EFEEDDC7B5D692422298C4F2637F38E4F09FA15C99D3283C491D58591B3F163F15DCED54D863014388B7A8FAA9F0DDE43616990F20D173F64460126151614E7AD952DDAC4B7A4C39B717EFE43F6579C980627594CEC90F703F8E6397EDBAA53B6DC319859C1226CE66925EF8B8DAC00194683DD75B4554BE68C9AD8E6EAAEAFE36B3B959B0FB258246DA9E9C931193941B1B25DEC79FB2D42388C7C481CED351E7BACB891ADF451F6371707F34A7CCD68CD20B5B90E653C68F122DE3234E7C9479A56D416B636FCA7494EE99FC49CE67D83370D526301A34D93791718E45B5A401ADCA0D873B0B249779E8B04F44F4861924B5C34F559249B1D5BE564D9702ED7E8B25E4DB407CFDD3A3CAFF42BC0CEDA20909A06E79A77CAEA215879250F649BFF000859E47AF54E048C48D0EDC28F69217DE375AFB8E4A51FA84D9DBD7C935A1F9C098EA413690653F64F3BC0DBDFC276239A8AE03A27236F76D236B9D8A4423C722DC497DC9B1FC9209F08FCD28FF7648B9F540D665BA9D814B04836FA2689370944F33A5BCD038F5476098E3AA7829B834EFBBE8A36CD01EB0C97B0F67070FA2B3E395C585B20F1C66C7F9AF35F63F8D3B08A0A7C503CE4A1AC7C154D1FFB794027FF001778BD8AF4A39D1CF136685C0DC5EE362172A6B1268B29E56443E53268403E69A9A9A3AA606D43192347EECAD0E1F74D971BE84D92DAEB0D003EC99C8E1C8E868621FF00074ED23F8626FF002525B3C2C166D983D8284E793A80134C73657EB7FAA4C2427733625F1CFE03A8F2FE6BCB5FED075DDEF1D52D047FE0D1D39CADE85CEB9FC82F4E3AA23A7A77CB701AC04DD790BB59AB35DC70FAA7E9DEC02400EF62E729E85FB8473E0E3586E40D9380DC800A659B5C25FCA775D2442C76E396EB0C2D77824DB968920E9B2C11CC72E612E402EE85D94BAE0EC7AA72FCB64DE7CC0B5C2C3F25804B347EDC8A50E4741D5609D3C4B17BFF00AA507FF16E94685C92022E2C2E35FEAB0481B029794F44E873FF00066EC811CA0B03B7BA76E6D99BB6C4A8303B2E68DDCB50A646E01BE0D4155AB792792C31608B8EA52C1D0F54D1713AD82503CF6528D1CBDF4E49B3269D2DD10E364CB5BDEC961F2B774828EC42F67BFD87EA9521B9DD609E8562FAF9A51001B680F9249F446FA6A879E6900C79ACEB97D5274D7920EA13452C6EC82B01C5F11C2E6B1655D3891AD3CCB4D8FD9DF65E82E02C51E30F7E13552F792D0D9B112757C3FBBEE36FA2F1F504AE8EB602C99D0B8480B6569B18CF507A8567C7C59C49D9D71CE1FF00B671638AE1B258C8E92301CF809B38ED705BBDAE551D447ED92583DB07A6E6009B83E690D1A6AB4588714E1986CCD86A257BCBA2130318B8EECEC77E6A20E3DC05DBD64CC1D4C2E214181C749720117D2FB2503945C6856B30EC670FC58DA82ADB310DCD600836EB62A6C921B003D0A68E2171355FC3F0DD4B9A6CE7B728F75E4AED02732F1B5632FA40D8E11E56683F992BD3DC632193086C6D1F338735E4EE269BBFE2DC51E0DC1AB92C6FE6ACE9FF002229906F7DCEA977FC9340D879257B2E8222F03808B73D964EBE89BBFD962FCC7E6946A167D52AEC34EFEF05F4B8F229A276BEA932BBF008E7740E42A224EF7E89EE57D9311785A374ACDE242063875DCA5376DFEE9AE5A84E03A2921CFF00C2366A64F04A1C396E14A85D76689FA9A1880DDDF6FE49AA789A1B6B9B5D53ED719725872EF42D19AE77587B40B346C94182FCD58446DAF425DB1B14880969736FBEA9D7B0376FBA6036D283729AC54D607B4FE480373CD2B28D1DCD6328F34B9132BD0927C904A55BCD26D7DCF34BB06DE84F3413A68B2E163A24F3DD30135E8C876421E3F7482AD2ED8606BB13C2641AC32D3B9CD1E4E11BBF555665D5CDE56565F1F39F53D9EF0557C8F777FF0004E69234CD66456BFD4FD557D44764D12451BDC1F8AFE3B80702A59CE7A9C39D351C8E76F95B97BBF6CA40FF00E2B651C5057C8D6B480FB59B63A7A117D15578054C9DF48337CD1098FF00DE1C1A0FD090BB2826921A49278DD69434B83B9DD55D89372EDE0EC1E1C2F872190C2C655D48324F2B779353975E80596F1D26B6BECA1504846034046E69997FFC4272491C1D7BA8D86E573DB047890A4A6C4293109A1A7A721BDDC1298DC24D7C5A7CC36F4B2F36B9CE965748F37738924F52755E8BED467927CB4AF3F851C06403FCD9B2DFE9A2F3A168074255CD3A7BE58C90AFDDDD283962DAEE8B6875E6AE648B2BD1924F345D640F116DF4E8939479EE9760CAF464116D93733FC4D6DF64E91A66B9BA672833907AA1B1535E875A465F3590B0D60235BA5068CD6E48D84CAF40347271A45B9A48682A43A26B4DB53EE96288DC924B63FFD9);
INSERT INTO `portrait_img` VALUES ('8e5b3146', 0xFFD8FFE000104A46494600010101004800480000FFDB004300090607080706090807080A0A090B0D160F0D0C0C0D1B14151016201D2222201D1F1F2428342C242631271F1F2D3D2D3135373A3A3A232B3F443F384334393A37FFDB0043010A0A0A0D0C0D1A0F0F1A37251F253737373737373737373737373737373737373737373737373737373737373737373737373737373737373737373737373737FFC00011080192013E03012200021101031101FFC4001B00010002030101000000000000000000000001020304050607FFC4003B100002010302040404050205040301000000010203041121310512415106136171223281911452A1B1C123423362D1F0F12434728207156393FFC4001A010100020301000000000000000000000000010203040506FFC4002A110100020201040202020202030000000000010203110405122131415113323361227134428191B1FFDA000C03010002110311003F00D8001EC5C2000000000000000000000000000000000000000000000000000000000000000000000000000000000000000000000000000000000000000000000000000000000000000000000000000000000000000000000000000000000000000000C95E7480B031D4AB182CB68D2BDE2B6F6506EB4965744F2CADAF5AC6E6531599F4E837824F19C43C5B3951953B4872C9E9CF25D0E2CF8F711924BF1335EDA1A593A862A4EA3CB62BC5BCC3E96E51CB8E752C8F93C6FEEA1539E35EA29775267468F89F8AD37FF73CCBB4A29FF063AF53C73FB44AD3C3B47A97D1FD81E26D3C61557FDCD38E7BC51D4A3E29B29CBE275137DE2B1FB9B34E661B7CB15B0648F87A2068DAF11B6B85985683CF4E65936E15232FEE3622D13E98A6261704279D892C800000000000000000000000000000000000000000000002009C90DE8D94A928C1664F97DCF3DC4FC496D6FCD4A94FCD9E5A6A3B2FA98B265A638DDA57A526F3E1DAB8BCA56EB35A7082C67E29632793E2FE2894E4E163851EB292FD8E05F5F57BCAAE55AA4A4BA26F446AB7AE3A1C7E4750B5BC53C437B171A2BE6CD8AD77715E5CD52ACA4FD5985D49BDD94C90D9CF9B4CFB96D44442CDB657559CEA4AD72834C84A33A0C8C35EC319027392C9F62AB4DC9CEBA6E065A75EA536A50938B5D533AF61E22B8B7966A28D46BF31C46F3E8CA670F532D335F1CFF8CA96A56DEE1EFECBC5742B3E5AD49C25D31AA7E876E9DD42A439A2F467C9E2E49EE76B84719A96F38C2BD49CA8AE8B56BD8E8E0EA1333AC8D4CBC588F357D1232CA2C73B85DFDB5ED3E6B79E57696E7457A9D6ADA2D1B8694C4C4EA4001640000000000000000000000000000000001821BD00C73AB186B3785DD9C2E2FC7E76DCD0B78426D6F26F4F63A9774F9FE69F2D34B326DE9FEF73C2F882EE8D5B9F2AD7FC1A6B1BE537D5FEC68F2F3DB1D7C4E9B1831C5ECA711E3B7F7A9C2AD64A1F960B08E6155AB2773877C96BCEED3B74AB58AC6A06F057E67A7D8996B2446395B28B2704632648BCEE4E09EDDABB6382C3F72F8D49C10D659688D423689474C918D0B27A6084B51309857A0C6B92D8EA305746D2D64A34B62FAA2B28E4490A7A964F1AF4115CBB96C7D991109996D59DDD4B6AB1A9466E325D533DFF0003E22AF2DA2E72F8FAEA7CDF3CAB4E87A4F0BDFDB425E5D69C69C9BDE5B3FF0043A1C2CD34BF6CCB57918F75DC3DC8294E5CCB29E57465CEE39C0009000000000000000000000000000015910FE1CB7B2596D9735788D474ADE5522DF325D3FDFB95B4EA3698F3E1E4FC4FC6FCDE6B4B66F933F14BB9E59EA6D5F3E6AADBDF2F5EE6A27A9E6F9396D9326E5D6C348AD7C25BD34211382D83069950965966B2224ADD19223C2932AA5A13B6E360F564FA3D9D83EE413D08D9A46E93446495A2688C6489124A21F50B60247B1049221AC91B17440983687FB9484B96782D3F94A35979452DED687B5F0AF1472C5B559E71F2E4F5699F34E03250BC83E7E5F53E8F6FCCE9C79BB747A1DEE0E59BE3D4FC399C9A456DE194006F35C000000000000000000000000000034B8AA5F849D46A2F11D14B6FAFFA7B1B9278593C978D6F650853A30A8D73E5B4A5D36307232463C736964C559B5E221E4EEA7CF5EA35AE5EE614B1809E596EA79A99EE9DBAF1E2349EC1B252E9E855F644CF8823CA53EC4E4A6CCC896EBB0ADF64D7486C8EA4E08C0992212B70420F42264D218C8CEA13CB2369D27AB04264E4B6D5437A1629BA2D1113E4984EDA82016DA341568B32BA9594C36F86DECECEBA9C14649EF192C9EFF84711A7774572653C7CAFA1F328CB12EFE87B0F0AD684E3CABE75D0DEE06698B76EDADCAC7131DCF64B50560F312C775CE00000000000000000000000003000C375529D1A13AB59E2104E4F5C1F31E2F7AEFEFAAD77A293F85631847B5F18DC4E970D54A9E579B2C49AEC7CFA69E4E2F53CB3B8C70E870E91AEE9423224628EC644F0CE5D67CB7659A92CBFE0BC28677EE74F83F0D95D252C69FC9D98F01A9E64B96398F73164CD1BD3362C33ADBCE4B865471552306F05656938CA33C7C2D63EA7BFB3E10D5BA8D54B992C244D5E0107CEA3F24BEE9F7305736A7CB3DB06E3C3C04AD25E5B718BC3EDEE692A72C671A1EF3FFA69D1E1B29CE2E53A75A58C6CD77FBA66A50E00EB59DD26A4A508F9916D633D7F66BEE64FCBB63FC130F18D61892D0EA53B193B87426B13A726A4BD8D5BFB7742BCA0F4C3D3FDFD0CB17DB14D261A78C13059C92A2DB7ED93B7C0B84CEF2DEA5551CACF28B4EA368AD773A70B66464CB731F2EBD48358C330AD4B44F856616489416889E85E1494740C3D89E5F8498DCA1563A12CA4965322530A64EF785EA3FC6A8C64D371E870F7FD8E9701E65C468B8E7492D8BF1E7B7244AB9637497D2E8FCABAFA990A525F0A2E7A88F4E300024000000000000000000000021EC069716941D9558CEA4609C5ACB59E87CC6BE39A58794B667D278A50FC4DBCA9E1FD19F3ABFA12A1713A4D6312FE4E3752DCEA5BFC3D796AC36C7A99A841CDA5EA61847566E5A7F8D1F7393FDB7FFA7BCF0CDAF250DB467A7B6B7D338397C069E2D69E56E8EB578CE50E58CDC3EFFE87375BB4EDD3DF6C44431D7AF4E84B7CBEA91B342B519C799BE8726A5A544E53729E9FE55293FBE3F934AB56B88350A16F51E7ACE1932C56AC737B3D4AA54EB29452D3D0CD4ECA109A972E64A3CB9F43C7DACAF61594DCE6BB29474FD4F4969C42A382F363258D35456D109ADACE75CF8528BE2156EE9BE593D631C7A6CFEC8F21E27E0370B8C42305984E29E7A6EB3FBE4FA642E1CD67AFA9A9734695C5D4253A69C97A7DC88C930BDB1C5A1F34B1E07355EE63383C3A2DC33FF8A7FCA3DA783EC234381534E294D549A9FBC64CECC2CA8D27F0A8E1EFA6FF00EF08B5B4216F43CB8BFEF9CBEF26FF00916CB368D22B8AB5F30F8FF1CB454ABDD4D278E66E2DF6E6FF00934E8F0DAD3A2AA637E9E98C9EFF00C41C2D55B6A746315951C4DF57AE7F76CE4D572A34E30507CB158D0CD5CBE1AF6C5E65E36AC5D3972B413CAF53AD736D0AD36DC651FD4D2AD65E54D724B997A268D9AE58F96BDF14FC35AAC792714FA9693D39577313937535E8CB23256FB9639AE90C87AA265BA21A2A9522F12793ADC02528F11A3CAB2F9BA2C9CA9474CF63AFE1CA7CD7F4E4A58945E71DCCB8227F24431E5D764BE914DE60996216CBF824F52E30000000000000000000000000000292A69A7AB5EA99F33E394DD3E235D61AF89EFD7D4FA79E03C654271E212ACE9F2539689E7591CEEA55DE2DB6F893ABE9E7A1A2362C5E6E21EB235D236385AE7BFA2BBCD1C09975221F62E014946CE0F19D343AF18A7BF33FFD8D7E0F4D46CA9AC6BEC5AE6E216EFF00AB35139D33A746236D8C471AAFAE72526A963FB4E1DD71F82E6FC350AF7096F284711FB9CCAFE23AF19B82B48A58CE6751E7ED811B9F4B4F6D7DCBD05CC13DB18DCC34A9C5BDDFDCF34BC49715ABD3846853929EB98D4DBD763B1C3AF6172E4A2FE28FCD1EA8A5AB6864ADAB3EA5D5A3095397C3966DD283796D15B64A51CB37614D388889926D0D3ACD4560D39AE65BE3D8DBBD4B5E9F5342A4F1A672CACFB4C4F86B4EDB9E52729673BFA97858C27D17D8AD6AF1A30739B514BAB39B53C474A8558C150AD3CAE64D24963EACB444CA2D310E9D5E1B43AC22FF00F5352BD8DBF2BFE9C5BE9A235EA78AACF1153A5711E678CE135FA30B8CD9579F242BC54BB4B465A7BA158EDB3C8F19E0EE371E6C2326B7783855A84A8BF893FA9F4C9C215B4C27EC79FF0011F0AC5095484755AE867C39BCEA5AD9B078DC3C6D4D3056324CB54589F2BE8CC515AB377E5A3F09CB3D7F833873AD095CCF4846588E56ECF294293A952308EAE4F08FA4F00B29595AC612D258F8B537FA762EEC9DD3F0D5E55F54D3AA003BEE60000000000000000000000000000072FC41613E2164ADE8D3839D49A4E728E5C52D5E3F43A86D59C149C5BFCCD7E873BAA5A6BC5B4C7F5FFD6F74EA45F91113FDBE51C4F835CF0F7CF5238A6DE23DF6C997C276AEE38DDBAC7C307CF2F6FF009C1F53F11F0DA777C06F3E1A6AA2A53709C97CBA6BFB1E63FF008EF854A319DD5586272872AFAB79FD30799AE589A6FE5D9BE198BEA3D3E81611E5A2A3A69E864AB694EAEB38A97BA2F6B0C7C3FA1B7CBA9AFA6C44B96ED21423FD28A4BB246956A346AA7E75BD297AF223BB5A31E57A68CD69D258F8511A9F895E263E5E62BF0AB46DB85AC53F44459F0DA54AAAAB4A9F2CD754FA763D24ADD4F1CDF6443B78AF85263CFDA771F4D7B584924B73A74A0A34F5D88A74234D26649ACAC35A6E8B56AA5ADB72B88432F3EB9D19CC7955136B73B571893C3342AD14DE4C76AF964ADBC39D7BC3A8DE2FFA884A4A3AC5464D24CD29F03B2ADCAABC2A38AF97E2D8F49420B95C4C8ADA2BD8BC6E3D2B3A9F6F390E03C229ACC6D63397F9E4D915B835BD75C91B7A705E88F46EDA18D930A928C7649959EE9F698ED8F4F3F6FC2A36D8E4CE17464F10A11AB4671E5DE383B559656C73EBC70BF82BF27B7C8B8DDBBB5BF9C3A6E8D3A7094F961059949E0F51E31B393B9A7520B396D1CFF0ADBCABF117250CC29FCFE89A7FE86FD6F1D9DCD0B639FC9DAD8E0BC1D3AB46A569C9494B3C891EF69C14525D8D7B6B6842107CAB7DCDB5A6C75FA25E6F1799FE9A5D571C639A68001DD720000000000000000000000000000036B87BCD6E4FCDAC7DD7FB66A97A53F2EAC27F96499ABCDC5F9705AAD8E2E59C59AB6766F1E6CF9797994B46BB9A5C0287910AD1516BE3D33EC97F0742BC734795749E09508D074F97AAD4F1111E5EB2DA9874682D33D4CEDF535E8BC233C5A4B322D0C7A55EB9C2C989FB19E5251593149E52648C5A964E29F431CE5CADB6CC2EAB6FB8DA74DC94C393E4CA4D9869C653F67BBEC6D3692C2261498722EA5F16B9DCD5F393D33837AFDA9EF8CAEA716E21384B9A3B14B3255D2A52CF536612CA39369373EBA1D3A73D1084CC32BD7056788E4BC5E85279C3EA0D30547989A15F6D8DCAD2C633834EBCB1165652F35E29B7F32CA4E0939A6B94AF86AC2342771570B35209B4968F57A9D4AD495CB5096DBB2F6D49D284FF00F1C6099B4C468AD22676B43FC28AEDA925A4B9528953D5746C3D9C7EE9FF00B3CF755CDF933F6FD0003AEE6000000000000000000000000000000003BD6753CCB7A73C653589A7DD18EB46BC67A272874F4353855C28547466F10A9B3ECCECA8BC61CB1E8789E6F1ED8334D7E3E1EAB899E32E289F9450AD951363CDCBC651CCA33709CA19D148DC824E6A69BD8D4896CE9B98E7DD67D0ACDE34FB1119E239EA449E593B435EA6718CE4ADAA838F3C9E32F42F5168CE75DCA74E9CA9EBCAF692E846F4B446DBD57885BD39C6979D0E6FCBCCB25AA5C4547DCF9EDCF83E75AF7F110AEDA72CBEE7A584EADBDBC28D694A6E2B0A4F7226674B76796C5CDEC20F352714BF337845A9CA957A7CF4E719E7AA794793E37C2EAF17D65294630F963EA4F03E1D4F8245D4F3A72A92D1C511F09EDF2F414DAA574E1B296A8E941E70CE3DB39D6A9E74E2D6764CEAD3962382768B4361D4C2DF0F7D08755346A559E338655D66E97CB9FA91B4696AF34D67273EEAAE13F532D79613FE4E7DD55736A2BAE9A018E9D4ACE52E4869DCDE8B5C98CE7B95A72972461D17A113965F2C765B9B1C7C36E4648A558F366AE1C7379437CCF2003DC63A463A4563E1E42F69BDA6D3F2000BAA000000000000000000000000000000001D2B5E2AE9D3E5AD1E77D25D4E6835B93C5C7C8AF6DE19F0722F86DBACBB16B53CFCD45A393CE0DFA69AD34C1CAE12F3071ED23ADBAF63C5E6C538B24D27E1E9F164FC948B7DB353966225235E13C49A6B06573D72BB98D74D44F974DCD6AB1F87B9967523D5E115961E1EC916DC276D651E57958452A28CDA52C3664AF5A9C74E7499AF269C938CA19EED8F0B46D86E29E25FDAA1FC9ACE966597866DD5AF4D27E64E395D8D68DD51725183CB7DF42350B7964A6E30F63639E2E39FA1A751A5AEE91968D4E64CACCA179E3193041B5292D71D0BD4924D27B1894F0D944CB1DC3E86A284A55E2A0B2F3B336E49CA4DFA1AF0CAAADA7A9B1C6C3F9B2C523E5839197F1639BFD32CB9B39D239E899096003D9717858B8D1FE11E7EDE6791CAC99E77790006DB580000000000000000000000000000000000000001BBC2A58AD28BEB868EC36D38B5B6CD1E7ED67E5DC41F7D0EEC66A51C9E43AB63ECE4CCFDF97A3E9D7EEC111F4ACA7CB344BAB8832955A7B98A4FE1672A65D18873AEF8CC2D672537A677E86A4B8E4AEB3184F11FF29BD578650BCCAAD0525D998A1C369D9E94E38896A444AFE36D58DDC369379F544CAE69C73CD5147DD9D1A51A2DFC704455B7B49EB38C64FA6628CBD8C9130E256B9A7CCF15632C74C9A93BB8F368A5F447A29DAD8C56634D27EC73AED52526A104BD88EDFB4CCFD3933E312B7D25CEE3ED93ABC22F9DC6B28C947D8D5FC12AB34DC7E983A76D6FE543B60C77ED62F2D9ADABDCC09FC7822AD4C4B25693CBCB29089649492CC7FBB1935A93E6A927D0CD5E788331508E2397D4EB748C537E4C5A3D4399D4B24570F6FDB2800F5EF380000000000000000000000000000000000000000000033A7675FCC824F75B9CC11A8E8CB9D6DD51CAEABC4FCF8BBEBEEAE874FE47E2C9DB3EA5D8A8FD4C3CCF2D14855535B9962D651E3E5E9619A8C960BD4519C7530B838BCAD8BE5E3623696A56828EBA1A956A36F093FB9D29C5CBA1AF3A3DA24F74B245A61A69B6B67F56555BF34B5C1B5E53E6C60B38F2ADB5F627724DA583912C68B4152692C16A9946B4936DB6428C15A4DB2D4A5CB1D4ACF7D4D6A93F897A7426156CCA7E65451FA9B2685B67CF59EC6F9EB3A2D22304CFDCBCE754B4CE6D0003B0E680000000000000000000000000000000000000000000043D5324113E867A30E7A319474928E0C94AAE1F2CD6BD9936094A863D5FEE5EB50CAD7E8CF019E3B72DA3FB7B1C33DD8E25D0A7CB3822DE5239B42BCA8FC35355DCDE573194729989765F2D331CE927D4C4EE3A7431BB98C7AFDC9DA597CB4994AAA3866077397A7E81D5EE363154A7CDAECBB182E1A841EA64AD7118279FDCE4DDDCCAAB78D80C756AF34B112230C2CBD5B2D6F47FBA5B99A51D06D310A5A47359BD3446F1A3474B85EC6F1EBBA37FC6FF00CBCD753FE7000759CE0000000000000000000000000000000000000000000003D102B55E20FBBD0ADADDB5994C46E621D1E1ABFA11F537650C1AD651E4A508FA237A2B2B0781CB6EFBCCFDBD7E38EDAC4346B51C6BD0D774FDD1D2A913055A49EDB985976D09D2A8F6A9F7461A94AAFF00749337A49F531CA7D1A217F6D45CF15BEC567526D6E669EBB22B2836B544C49A6954CC9FC45214B9A597A9B72A64D2861046D554F1EFD84E2676B1B98E51DC944CB49AC5C419BC68D7D249F666EC5E523D4743BC4E3B55E7FAB5662F5B7F49001DD7240000000000000000000000000000000000000000056738416672497AB345F18B2F3951A551D6AAF68528B93FD0C77CB4A7ED3A5EB4B5BF587408A51F36AAFCB1FD5948C6AD54B3174D76EA74ED2DF929EC70BA8F53ADAB38B14FBF72EAF0B83316EFC9FF00A6C5BA69236E1AAC1823168CB0972BE879D9765771697731CA0A48CFF32D4A4974D51129896ACA9E98304E8E4E86164ACE2991A5A2CE63A5F50E9E86FF0094B728E114221332E74A9EA5A34B0B63624B5D110E1A128DB5A6967A64D7A8BB9B9511AB5740342E168D18ED6E6345A855784DE8D99EA2CB668DE5BC6AD19466B468DBE2722D82F16AB5B9382335352EC279078DE19E21AD68DD1BAE6AB18BC27D4F49C3F8B5A5FAFE8D45CCB78CB467ADC1CDC59BE752F39978F7C7FE9BC00371AE0000000000000000000000DA5BB346EB8B58DAE7CDB8826BA279652F9294FDA74B56B6B7A86F03CD5D78BED69E550A53A8FBBD11C5BBF15F10ADFE0F2D28FF0095659A793A8E1AFAF2CF5E2E49F7E1EF6538C7792469DC717E1F6D9F36EA926BA29659F38AF797572FFAF71527E8E461785D32FD4D3BF54BCFEB567AF0EBF32FA054F1470C8C79A35253F48C5FF2732B78B2A55CFE1A8A843A4A4F53C965BDCD9A6928475FB1AD7E6E7BF899D7FA66AF1F1D7E1D8B5A975C7388D2B69D69626FE2C3D91F46E1DC1ACF8751E4B4A3187E678F8A5EECF03E0C9D3A7C654A4F571691F50A538B8A68E666B4CCB7F0D6221AAE824CD8A502F8CBCA2D15835F4D9D8E38451E8CCD2DBF931B4DC4A4C2D12BC259267A33145F2CB5334DE515594CAFF819FB76C10F62AF2D7FA0492697FC1826F3B2D4CDCB92AE012C187D4358596655131D5D11286BD4794CD5A8B267936E4C8AB1C472C84B4393566ADE3E4A3524F6516CDFDD9C5F125CAA1615565734D72AFA992B1B963B4EA1E1A52CC9B7B94A75A746BA9D39B8C96CD319314BE637E3D39B3EDE86CFC57774711AD08D54BAECCEFF000EF12D95DC942A4BC89FFF00A3C2FB9F3F9106DE2E666C7EA770D7BE0A5FE1F5B8B5249C5A69F54C93E5D67C4EF2C9AF22BCA31ECDE57D8EFD9F8BEAC12575454D75941E1FD99D2C7D4F1CF8BC69A96E25A3F5F2F640E4D9F88B875D63FACA9CBB4F43A94EA42A454A12524FAA66FE3CD8F27EB3B6BDB1DABEE16001954000060BABCA16B073AF56305EACF3F7DE2DA70CC6D2939BFCD2D11E5AEABD5AD5253AB394E4DEED9AD26F27033750CB7F15F10E9538B4AFBF2E95E71CBFBBCA9D66A3F963A239B29379C95F727DCD09B4DBCCB66351E90D6460B6116C1096364332F2A2BC8051333519E98EA63E4C12934F478606E58DD4AD6EE9D7837984B3F4EA7D4B855FC2E68C274E6A516BA1F2452CAF5EA8E9704E375F85D64F59D17F341BFD57631E4AED971DF5E1F61A73D35D8CD069EA70385715A37D6EAAD097347AF74FD4E953BA8E306BCB661B93595E85A1AC7B9A92BB835CAB73242AE20B1AB29310BC6D79C30F29178ACC0952538E7A9345EAD32930BC4B13D06E64ABA7A18D3D4AE97D81A659EA17A8D236C6E395946B574D23A1CBF0E873EF1E1E09D112C14E39656F5629B7FA99A8A4B7662BB7CD4E48B4551DCE646788B91E2FC4F7BF88BAF2632CC61BBF53ABC5B8C46D1CE8D2F8AAED95B44F27564E52726F327AB66CE2A7CCB5336489F10C4F430B32BD7431C919DAA863A0C12C08D5800913936ECF895DD9B5F87B89C57E5CE51A6044CC4EE098DBD6D878B9A4A37B472FF3C3FD0EE5AF1EE1F73851AF1527D25A1F3744E753731F3F353C6F7FED82DC6C76F8D3EB319292CC5E53EA893E6DC3B8CDE58492A5539A1F925AA3D55878A2CEE21FF519A534B54D651D3C1D431E4F16F12D4C9C5B57D7978AA8BE265394CD3D64FDCC6D60E0BA2A38F62AD7732A64B8A612C29C97A96522CE0D328D102E987929B0C816C9046724EFA813A35D9A2BBBD7E627255A4C0DCE1DC42EF86D755AD2A383EAB74FDD1EDB84F8CAC2E20A1C4A9BB7A9F9E29CA0FF00947CF79A4BFCC89CA7B149A56CCB4C96ABED3672B4BC8799695A9D6877A72CA362741E343E2D677773655955B5AD3A535FDD0960F59C2FC797941285FD18DC457F7AF865FB61986D867E19EB9E27DBDF42334CD9A4DA926D9C4E1BE2CE0F7A92FC42A337FDB5972FEBB7EA7768D5A15A2A54AA426BBC65931764C32F7C4AD5D736A8D5DA5A9B53691AB53579C11DA9DB3C567532A58DCD7A4DAEE5E556105FD49C62BBB782748DB249E5686956A129BCEBF431DCF1CE156D1CD6BFB7F684D49FD9659E7B8A78EEDA9E63C3A84AACB6E7A9F0C7EDFF0004C5267D226F11EDD8B9842DA9CAAD6A8A9D38ACCA527848F13C7FC4DE6A95BF0EE68C369557F33F6EC8E5716E337DC52A735DD66D67E182D22BE88E5CA466AE2889F2D7BE799F15252CB6DEADF52B27A10DEA564CCCD7437A15C12C824406490C08003084263234400919237252404ACB32517F13F629832505F13F6263D8CB3D2A309656A5EA47E26CAA60639470427B199AC98E50024AB804F05B206270D4AE0CED15688187086C59A2AD6090CEA4EE549C91A124632596191D4245CCB6C32EA697CCB0422D802F169ECCBC2A4A0FE1934FBA6628C13E85B971B3613B6ED3BFBB8AF86EAB47DAA345DF13BED9DE5C7FFD59A2A2F1F37E8312EEBEC3509EE9FB6CD4B9AF535A95AA49FAC998B99FB98F12EAD10D37FDD8235089B4FDB273FA9573C6C530BAEA3F4251B24D957A92CAB02AD90C964302A1FA8EA18423208D03D3701EC1A0006006009408D80D0BA664A2D733F6311968FCCFA684C7B1B55358E4C493333D63F531B404225AC844A0314A2576334B531B59023390D11819EE4250D64C725D8CAD947A8431B2513B84BB8048923A92891745922AB62E9013824244E0095B10D96488680AE7B95D8B32AF40233DC06410192AC9655B02195659B2A0010C006412008048C810090488C164822C884E83250F9DE7B18CC947E6FA131ED13E9B30794D7A956B532F952A55A74E6B128BC60C6D6A263522BD095A92F71B7B010D6C4348B632863088189A28CCED64C6D6812A7428F632328C21504E346420182C412B7245922D14563B178EFA122E8634248604A6188E81EA40C6D91D49651806F24643654092AD86464032192D952011241248AFB1208604FB91B0D98603212C82624095A2241290125E8FCCFD8A1B5C3ED6ADD5492A5172C2D4B562667504F87A5F10421F89CF2C73DF070B0B99E88036395FCD662C3FA4212595A22669764018190C2C6C886963640010D2C6C8AE17640109524976451A58D900108696364461764012270B0F444A4BB2000BA4B1B22D14B4D10048B24BB225A58D900421114BB2124B1B200258DA5D910D2C3D10040A34B1B21858D9000570B1B225C63F957D800239638F957D88E55D97D80025C63F957D88518FE55F60009E58E3E55F62AD2C6C80243963D97D89718FE55F600811CB1FCABEC594638D97D80021258D916496365B0004E16365B9ED3C2F4E0AD5B508A6FB200DCE0FF2B0723F8DFFD9);
INSERT INTO `portrait_img` VALUES ('de3b17c2', 0xFFD8FFE000104A46494600010101006000600000FFDB0043000A07070907060A0908090B0B0A0C0F19100F0E0E0F1E161712192420262523202322282D3930282A362B2223324432363B3D4040402630464B453E4A393F403DFFDB0043010B0B0B0F0D0F1D10101D3D2923293D3D3D3D3D3D3D3D3D3D3D3D3D3D3D3D3D3D3D3D3D3D3D3D3D3D3D3D3D3D3D3D3D3D3D3D3D3D3D3D3D3D3D3D3D3D3D3D3D3DFFC0001108012A00D103012200021101031101FFC4001F0000010501010101010100000000000000000102030405060708090A0BFFC400B5100002010303020403050504040000017D01020300041105122131410613516107227114328191A1082342B1C11552D1F02433627282090A161718191A25262728292A3435363738393A434445464748494A535455565758595A636465666768696A737475767778797A838485868788898A92939495969798999AA2A3A4A5A6A7A8A9AAB2B3B4B5B6B7B8B9BAC2C3C4C5C6C7C8C9CAD2D3D4D5D6D7D8D9DAE1E2E3E4E5E6E7E8E9EAF1F2F3F4F5F6F7F8F9FAFFC4001F0100030101010101010101010000000000000102030405060708090A0BFFC400B51100020102040403040705040400010277000102031104052131061241510761711322328108144291A1B1C109233352F0156272D10A162434E125F11718191A262728292A35363738393A434445464748494A535455565758595A636465666768696A737475767778797A82838485868788898A92939495969798999AA2A3A4A5A6A7A8A9AAB2B3B4B5B6B7B8B9BAC2C3C4C5C6C7C8C9CAD2D3D4D5D6D7D8D9DAE2E3E4E5E6E7E8E9EAF2F3F4F5F6F7F8F9FAFFDA000C03010002110311003F00A38A2971462BED2C7C35C4A2968A602514514804C514EC518A2E17128A28A2E170A28A280128A28A0028A28A06145145310514EC518A570B8B452E2971489128A7628A570B919A6D3C8A6D050945145301F4514550828A28A004C514EC518A006D145148029318EF4D79157A91546E35048D8A93CF6F7A52691A429CA5B17F701DE8F353FBC2B94B8D7A485D82E00F735425D764600A33038E466B9278DA50D0EF8659525A9DBB4AAAA5B231EB4C370848008E466B8B8B5F9445B1D8D4716AB2A91F313FE151FDA34F4B1AACAE7ADCEF43A9EE3AD3EB8EB3D74ED5121E9FE18ADA8F5D83CD31B3AE46318AE8A788A73574CE5AB81AB4DEC6B1A503350C770928CAB039A9056FB9C6D35B8E029C29053852B1170A28A5A42168A4A28B05C69A69A71A4A2C31B452D14CA1D452D1544094514531851451400138AA77B7896F192580C7BD4D3CCB1212C40C0EE6B8FD675149C943B4E3A1539AE6AF59528DCEDC1E19D69F9125EEB9BCB28E31D0E6B0EE2FA6989DCE4FA542C431E4669BB735F3D5B1552A3D59F4D4B0F4E9E890AD2B3FDE39A4CD2E314C3CD7336D9BA490668DD4628DB48050C477A7C7318E40F9CB0E86A2C1A2A949AD41A4F43634ED65AD87EF5C90BD05755A66B11DDC0ACC4267A0AF3E5E6AE5A6A0F69CA8C91D371AF470B984A0D467B1E7E2B030AA9B8AD4F4A5607A1A92B9BD1F5D8EE5B64F2E0FA7AD7471BABA82A722BDBA7563517344F9BC4509D195A487514515A1CE2D14514086D35A9D48D48B1945145031F451455121452D250302334C958C71B1009C0A97354F502442C010323D693764382E692471DADEAB34F2B47B88507A71FD2B1831724B1CD5CD4F026207AFAD5251935F2F8B9CA551DD9F658684614D72AB12A229FBC335388A3C7CC7F5A48A066200C9CD68C5A35C38F9149CD71B9A5B9D4A0DEC63CC99C62A2F2CD74CBE18BA6FBC0D4B1F85E5E739A5ED107B391CB2474E099AE926F0C5C0FB8A48ED54DFC3D7A809F2D9BD29A9A074E46408B3D071D8D44F1915D145A0DDA30332155C71EF55DB49F9D80186FEEA8AAD09D4C3DB8A6D685C5914E0E411D462A932907A5021D1C862756524107A8AEEB44D463B8B75C31E38249CD708BEF57B4B690DC2AC2B9C9EC6BBF038874E7CBDCE2C6E1D56A7AF43D2548614EA82CF718816EBDCE6ACD7D1267C8CD72BB0948694D21A689421A69A71A69A19484A28A2818B452D2531051451400BD6A8EA4E1212CDB7007526AF62B0BC4D2BC76DF2B6D07BD67565CB06CDF0B0E7AAA27217F279970C71CE7AD4512E4F4A146F1CF273576CE2DCE33EB5F25527CCDC99F6708D9246EF8774DF3A4DCCB9C7AD7736F6488A3E51F9564E830010AE057510C7C570CDDD9E853564561660F5C11F4AB11E9F163EE0AB2B1D5845C52436CA296099FBA3F2AB1F6188E0945E3DAAE2A8A785CD5A2598D2E96923120019F6AAADE16B763BDD773649CE6BA648866AC790315A221D8F30D57C3024660ABC0231ED5C66A5A2496E18BE72339E2BDD2EECD587415CB6B3A22CE26247F09238EF549B3370478D15C6477ED53584C6DA60DBB1EF9C559D56CCDB4C539F94E2B3727381D735BD39B849491CF38A927167A5695791DC5BAEC62C40E735A35CE785C3FD9FE74C1F5C75AE8EBEAA94B9A099F198B828557142514515A9CA21A69A71A69A11686D14514C63A8A28A04251452D0006B9FF169FF00448BFDA6C57438AC2F1445E658A9F435CF8AFE0CADD8EBC069888DFB9C744B935AD650169546383D6A95B41BE4007AD773A3E867C8491CE3BF35F213958FB5A71B9ABA243B2019F4ADC8DB159AF7315945F39C003B0CD511E2060FF242C133D48E7F2AE55AB3AF63A756A9D0D625A6A91CBF7891F515AD0CD13FDD901ABE562BA2D03522B629A8A0F7A715AA484D93C720A9BCCCD5344DDDEA52193A8AB57336912B608ACFBC8C189B23B54E6E17A161F9D365C490B60E41145C0F23F13D9C724ECE9C64D712E98727D0D7A5F882D82DC480AF1DAB82BCB7D93103D6B747348E9FC28845B7538F735D211587E1980A59866046477ADCCE2BEAF0EBF7713E2F1CEF5E42514515B1CA34D369C69B40C4A28A29942D14514C028A28A420AA9AA5BFDAB4F9100C90370FA8AB806E214753D055CB383ED0644DA3C91F296EE5AB8330C653C3C2D2576FA1EAE5780A98A9B941D947A9E79A6458B9553D9ABD3D005B68C01FC22B85BDD3CE97AFAC47A3B82BEE335DDC63722FD315F2355A7AA3ECE8C2D74C80D98B93F31E054E746B675F917E6F5CD49210886A24D6A1B68E561149288C12C55781819EA715117AD8D24B4B90BF87255E62727350436935B4A0B337A55AB1F1DD8CDA93D9182E0CB19DA40D841E71C1DDCFE15BAF3DA6A56E64B70323BE3041F423B56CD332BA23B29CB2F3570C9819AA36C98622B4BECE44609EE292771B5632EE3549A372215008E84D566BED4E7621A56C7F74702B41E28C64BE3355FF00B674BB69FCA9EF6D637FEEB4801FCAAD4EDA12E17D4CE921BB924C95719F4AB9A65DDCC64C1302C9D15B1D3EB5B4B2DB4D12BDBCD1C8A4754208A8DE25241029B6992958E6BC59644DB0B8519F5AF37BBB7DF7AA40E38AF60D6115F4C9C30CFCB9AF3682DBCCBD5C0E16BA30D0E79289CD8B92A7173352C22105BA2818E2AD673498E0506BEB62AC9247C2C9F349B62D14514C81A69A69C69A69A2905145148A0A28A298051451400F873BF2A32C01C7E55B7A42795651924602E467B9358B6CD89D7EB8ABD7AEF0DB411A1206DED5F2F9E26AB465E5FA9F63C38D4B0F2879FE88CBD7E0FB4788F4C4DC3201638E78AE86118515CE5ADA48BAD473C849DC840CD74D0F38AF1DBD11EDB8DA4C94C0261C8E940B441132305C30C1C8EB572141560A023B554511739FD37C3765A6EA3F6B8ADF2E33B096CED357D6DFECF792DCA39CCDF7E3C601F4ABE5702AA4FDAAE4F4B0A2B508DFF7A0FA1AD6597298F6AC48CFCC2B5E31F28A9831CD199AAC33491ED8DC842C3701DC7715C5DE7852F67D6A39ED19515722260A005192791DCF279AF4A6B75947CC298B6C2222B44886D18ADA07D93C89AC1DE274501D97EEC9C7522B5ED848621E68C377C1AD08E20E39CF1EA69258C28AA6B5B99A7A729CFF008818C5A4DC1033F2D65E91A4DAE9FA51D42E2132BC8372AF1C0ED5ABE201E6E8F76BD3319FE54DD39C4DE0F855872B6FB4FB9C629A938AD195C8A4F54605E2A2C81A352AAEA18293D335549AB9A9811CF1C79E6389548F7C67FAD53AFADC2394A841CB7B23E17308C638AA9186D7619A334945749C604D368349498D05145140C4A5A4A2A98C7D14DCD19A421CA76906B5C3457B12EE040CF041E87BD63D58B2B9F225F9BEE1EA2BCCCCF07F58A578FC51DBFC8F5F27C7FD52B5A5F0CB7F2F3342E6D9D67864CE513F3AB51F414D964171196460C38A48CD7C8B4D68CFB5BA96A8D081F15733D2B362356C3F156992D12BC800AA571281EF4CB89882302A9CF32C6AED23615464FD29498E28B3131671C77AD78C9DA3DAB9AD2B5BB6B9CBC69260646590A83EE2B65B5BB4B4B591E7951138E4D540266AC6F9F6A9CE38ACBB3BB8B518166B57F3108CE455C8A42579E0FA56A998B45A56DB51C92D46D2540CF9A6D892286B1FBCB478FF00BFC52C56EB67A594E898C7D00E4D4CB18B89F0C33B466B37C45A8AAC22D1000CC0640FE11FFD7AD685175EA2847FA46588C4470F49D47FD339C96569A6791BAB316A4C52669739AFB14925647C049B6DB62514514C434D2529A4A0A0A28A290099A33494550C7514945021D9A29334669012472B46D952456DC0DB941F5AE7F35ADA5CBBE3DA4F2BC57879DD04E9AAA96A8FA1C82BB552549BDF63556A6078A805480D7CD23EA58BE566AADCE9E9718DDCD5C322A8E4D466E6343CB8CD5342527D08AD3478D57040C0E98ABEBA4C1E481B7AFDEEF9A8A1D4210ACBBC64D5A82F62550AEE01AB8242929972C6186CE111C0AAAA3B014F78C798CCBC66A34951B9470D52090356A637236A81FBD596AAD310A8C73D05263284BAA5BE9DBCC8D99081B545729713B5CDC3CCE30CEC4FD3D296FA733DECAFD89E05402BEA701838D08737DA67C7E638E9E265C9F653D07669D4CCD2E6BBCF305CD19A4A4A04069B4B48682833452668A2C1612945369D40C5A334945021D452514080559B190C5703D0F6AAD5359B7FA5C7F5C5736320A74269F6675E066E1888497747448F9029C5AA151E5923AD3C9AF8767DF2295FA5D48B98660A075C8ACC169752CDB8CC0E3DAB6E4AA731618DAA684CD61251225D22F5DC3878C8FA1FF1AB7169978237F9949F71FF00D7AA82FAF50FEEE02C3EB56E0BBB9978789856AA5134752258B7B5BC8F389950F6C03FE35AD60268A3DB336E6C9E7D6ABDB47B46704355D5E6ADBB9C9524A4C9D9EB1F5DBD16F6AC83EFBF0055F9A658E36673B554649AE2F52BE6BEBC2F9C22F0A2BBF2FC33AF56EF65B9E56638B542934BE27B15C9CD251457D49F1C2D14514085A4A4A2818869A69C69A684341452514CA0A28A2810B45145318B9A33494019200EA6810E2D525B1C5C47FEF0A8C292DB4024FA639A9618D84F1FCA7EF0AC2B4A3C924DF466D4232E78B4BAA3A665DD163DAA2518CD598B941F4A64899E95F087DF9104CD584897B806AB3332F55C5345D6D3D28486D9AF0045E8ABF955B11C4C38551F85612DF28E86AD457C0F7FD6B5899C8D0F282F4C531D827538350B5D803DCD3A28DE73BDF807A55A21906A285B49B97639FDDB63F2AE2B35E81A9445B4E991472633FCAB8178658CE1A361CF715EFE4F34A128DF5B9F3B9D45B94656D0675A09A73C32C633244EA3D48C533383835ED269EC786D35B8FCD19A6E68CD2245CD19A6E68CD3B0EC2934868269A690C28A4A2980ECD1D29A39A9E1B696E1B6C11BC8DFECAE693696AC6A2DE888F349DF15BF65E15964E6F5FCB5FEEAF24FF415B3168763685585B873EAFCD70D5CCA8D3D16AFC8F428E5B5A7ABD0E56C347B9BF90048C88FBB9E95D0D8F85E2B61E7DCB094A8242E38CFBFAD6FC4ABC61718ED52BAFC847A8AF2ABE6356A691D11EA51CB6953B396AFFAE879F456B35D1335CC8CC25F9B68380076AB91C2B16D55000153C2BB2155C7DD1B7F2A50B935E0B949EE7BEA315B1693EE8A79A6A74A753018E99154A683D0D5F3D2AB48B8A00CDF22427EE13F8D5CB6D3E563F392A3EB56217E7818FC2B42204F5E6B589121D6D648839E6AFA28030074A8A319A9C1C568663660190A9EF5464B55704638F6ABB272B8F5A156A58CC58EDA6B3BDB726532D9CB20496097E600138C8AD6BDF02E9D3B1784CB096E814E47E46A1D4005487D4CD181F9D75E47C8B5D386AF5295D45D8E3C551A752DCC8F34BEF04DFDBEE36EE9301D00386FCBA5604F69716ADB2E219236F465C57B24B1E6AB4D6D1CEA5658D1D4F50CA0D7AB4B329C7E3573C9A9965397C0EC78FF0020E0D257A1DF78334EBA62D12BC07FD83953F81AC1BDF045F5BA96B629709EDF2B7E478AEFA78FA33EB6F5382A602B43A5FD0E6BAD349A966B69ADE4F2E689A37F46041A84D76269ABA391A69D9899A28C514C0EC2CBC2D0C003DD379EC3B74515AF1C0B00DB0AAA28E81462AE04A6ECC57C9D4AF52ABBCDDCFAEA5469D25682215527AD4D1A6E8CA9ED4E29405DB589B0B10C6454C3D698A3E606A6098A407273C461BFB9888FBB26E1EE1B9A42318AD3D7ACCC72C57A17A011CBF9F07F3FE759FB79E3A5714E3691D9095E23853B34DA4CD22879E29BB55FEF0A53D2A23D6A84588EDC03D4FE26AFC51802B3A37357626AD626722D85C51481F8A01AA244A9907151A8CD3DCF968589C6050328DC37DA35DD3EDC72BE607603DB9AECF1C5727E16B4375AACDA8499C47954CFA9FF00EB7F3AEBBB1AAA7B5CE7C47C49762192A222A47EB4DC56E8C50C233DA9A53352EDA4A0651BDD3A0BF8BCBBA8D644EC1874FA1ED5C76ADE06910BCBA748245EA227E0FE07FC715DF629B8CF6ADE9622A527EEB39EB61A9D65EF23C97FE11CD57FE7C67FFBE68AF59D8BE828AEBFED3ABD91C9FD994FBB287974347D2AC6DA565AF2CF54ADB68D953ECA36D0D0EE41B76915610645340CE6888ED26900F96DD2E2178A400A3A906B987B496D6768241B88FBADFDE1EB5D763A557BEB25BA8C1CED917EE1F4ACEA4399174EA72B39668AA178C8AD66B778E4D922E08EB513C1BAB99C4EC4CA712EF4A8E488A9AD0822DA4D4B25BEF15496826F532A35CD5A8948A93ECDB4D4AB162A96827A8F45E2A554A72AE0538555C8B02A8009ACEBD792F6E12CADB9793838EC3B9ABCEB2CBF244859DBA0AD4D274A4D3D0BB1DD70FF007DBB7D07B509390A5350F52DD8594761671DBC7D10727D4F73564F02901A63366B64BA1C6DF51A7AD1451562034D34E3486818CA36D3B14500336D14FA2802AF5A1969911C9A98AF14143579A18629233F3E3D69EF480888A8D8722A66A6E28B00E8DEA407350E29C8FB7B50209EDD2652245CFA11D47E359D2D94919F946F53D3039AD7CE4544E3D7E53D8D4CA299709B8992B18F6A995322AD6CDC7F78AA4FA91D6A6FB3C647031F8D4AA6CD7DB2329905464735B3F6146EEDFF007D53869F00EA84FD5AA5D36355E26446ACDC6D35723B1918E5BE55F71CD5F10AA7DC0A3F0A900E2AD53B6E673AD7D84B7812DD7E551B8F563D4D4A0E73483A5359F355630BDC19A90734014A6A804A28A2800A28A280109CD2038A5CE2984E4D03177FB514B4501733D0EC971E9568F4AA521FF4853EB5714E5692299113B6406A663902A06E6363E94F85B7AE684014514500251451400A1987438A77999ED4C34A0E6810669C1B3EBF8D340CD3B18F5FC4D500F0DEFF00A8A9035439A5DD4585626DD4BBEA014E068B05893345145201696928A090A5A4A2818B452668CD00309A6A1CE68738A41F2C7BBD69A1B1FF008D1506E3453B136283B6664ABD1B656B33762F5E3F439ABD1B64547534E83C0EB51C6DB09F7A713C1A894F2686059CE6929A0D2D020CD19A4CD19A007514DCD19A603C1A766A2CD28340126697351E68CD3024CD381A6034B9A04480D3B351034A0D004B9A334DCD19A042E68CD373466801C28269A0D04D0032539C535BF81287E6985BE626840C9F14543E60F5A2A89B18F747CBD5D7D19455D87A1AA1AAFF00C7F5BD5E87AB7D2B37B9AAF849077A6AF534E1DE9ABD4D0C68941A7669829681052D253A810DA70A60A7F6A6818DCE6AB5DDEC768A4BFCCC14B045C6E2075C0AB23BD62EBD1A3B216456222723233DD6AE9C79A561A5766959DEADD17015D190E08603F4C1356C1AC0D3005BD25400487C91DF94FF001ADD1DA89C6CF401F4E14DA72D4887668CD2514C4499A29168348046A01A56A60A62118F346690D20A100E63C5519A7C163FA55A3F74D664DFEBD7FDE342024DE7D4D14EA2819FFFD9);
INSERT INTO `portrait_img` VALUES ('ed734504', 0xFFD8FFE000104A46494600010101006000600000FFDB0043000A07070907060A0908090B0B0A0C0F19100F0E0E0F1E161712192420262523202322282D3930282A362B2223324432363B3D4040402630464B453E4A393F403DFFDB0043010B0B0B0F0D0F1D10101D3D2923293D3D3D3D3D3D3D3D3D3D3D3D3D3D3D3D3D3D3D3D3D3D3D3D3D3D3D3D3D3D3D3D3D3D3D3D3D3D3D3D3D3D3D3D3D3D3D3D3D3DFFC0001108012D00CF03012200021101031101FFC4001F0000010501010101010100000000000000000102030405060708090A0BFFC400B5100002010303020403050504040000017D01020300041105122131410613516107227114328191A1082342B1C11552D1F02433627282090A161718191A25262728292A3435363738393A434445464748494A535455565758595A636465666768696A737475767778797A838485868788898A92939495969798999AA2A3A4A5A6A7A8A9AAB2B3B4B5B6B7B8B9BAC2C3C4C5C6C7C8C9CAD2D3D4D5D6D7D8D9DAE1E2E3E4E5E6E7E8E9EAF1F2F3F4F5F6F7F8F9FAFFC4001F0100030101010101010101010000000000000102030405060708090A0BFFC400B51100020102040403040705040400010277000102031104052131061241510761711322328108144291A1B1C109233352F0156272D10A162434E125F11718191A262728292A35363738393A434445464748494A535455565758595A636465666768696A737475767778797A82838485868788898A92939495969798999AA2A3A4A5A6A7A8A9AAB2B3B4B5B6B7B8B9BAC2C3C4C5C6C7C8C9CAD2D3D4D5D6D7D8D9DAE2E3E4E5E6E7E8E9EAF2F3F4F5F6F7F8F9FAFFDA000C03010002110311003F00A3451457D09F30145145001451450014514500145149400B45251400B45251400B452514C05A2928A005A28A29005145140051451400514514005145140051451400514514005145266980138A29A580AA936A5043B816C903F01532925B9718B7B170F1E98A89EE22404B4A83EA6B99BEF12164658FBF422B0EE350791CE5B8F726B92A63231F84ECA58194BE2D0EEE3D52D0E775C46B8F56A7AEA56921C4773131F66AF39FB439392727D4D35AE1DF1B989C562B1D2EC6EF2F5DCF4F57571904D381AF37B6D465B73F2CB2263A6C2056E59F89E68D9770F353D180DC3F11815B53C7465A4958C67809C758EA75BD28AAF677D0DE44AC8DC9EA08C1A9CD76269ABA385A6B462D2D2514C9168A28A40145145001451450014514500145145001494514C02A86A1A9C16313195B9FE1039CD47AD6AD1E996E470D3B0F957FA9F6AE16EEEE5BA90C9339673DEB93118954FDD8EE776170AEA7BD2D8D3BEF105C5C39F2898C760BD4D663DCCD2366495DBEAC4D46BC8A4039AF2E75253776CF5E34A305A214E31F2E4D4456ACAFCD85DA001ED49E5907A567734B1084CD1E59EDCD581113DA9E225FE2EB4AE3B14CA914E46238AB3E4B3B15543ED4A2CA4CE0A907D28E60E51B04D716CEAF1C8CB8F426BA9D2FC49E600B7BB54F40E38CFD4573D15ACE8EE9B4E4751EA2A098324BB5815C7A8ADA8D79537EEB30AD868D45EF23D21196450CAC083DC74A5E95C468BACCF62C4162D067943C953ED5D9C13ACF1ABA904119E2BD7A35E35569B9E257C3CA8BF225A5A4A2B739C5A28A290051451400514514005252D25300E954F51D4134EB5699B05B1855F535698850493803926B85D735337B78594931AF09F4F5AE7C456F651BF53AB0B43DACFC8A17B7925E5CBCB21DCEC79247E95634FD1E5BEC300427F7A9DA5E9ED792838E01CD7656D6A2340AA000074AF9FAB55DCFA4A3451CEC7E1960E407C8F5EF5653C2A5FF00E5A62BA54403B55B86307B573BAB23AD5189CD47E0EE87CD1F88AB43C1AA47CF203F8574F14756923A3DAC87EC63D8E3FF00E114897855627DC8C53E2F0721C92403DB06BAE310A558693A8C6A944E763F0C41128E1723AB3726A5FEC0B704ED504118205740B1E69DE4E2A5CDB29534737268918E5461BD4D67EA1E1F8EE6121946FC751C735D9490F155258B1DA929343704CF22BDD3A5D3EE4C6EA793C1F5AD2D0B536B3976BB1F28F507B1F5F6AEAF5ED196FEDD8A80240320D709147E4CB224ABCAF0DC735DF87AED3E65B9E6E2B0E9AB3D99E80A4328653904669D599A05E0B9D3D518E648F827D7DEB5315F454E6A715247CBD4838C9C5852D252D59985145148028A28A00292969280323C47746DB4B9029E64C27E07AFE95C50432CC33CE4D753E303FE8F073F2EE27EBC7F9FCEB1348B769AEB38CF35E463A6FDA1EEE5D05ECFD4E9748B45B7B64C0E48AD78C66A1862DA8A3DAAD22D78ADDCF762AC8555CD685B4555A28EB4ADD715259347162A658E9CA7DA9E45161DC88C55204A705A9105162862C552882A45C54AA453484D952487154E58EB5A55C8AA3327152D0D331A5504104570DE2CD385B4DF6A8C6D59387C7AD7A04D1E0D61EBF6827D3665EFB722AE9BE5919D587346C721E17BBD976236E03719F7AEBFA8CD70FA3C5B3568803C939C7E15DBEDC003D2BE97032E6A763E4B308F2D516969296BB0E00A28A2800A28A2800A4A5A4A60733E2FFB96E3EB50787A3C396A9FC5E38B67EF92B4CF0E9DCE47A806BC1C7FF119F45977F0E2752830A2A503A5354614548A2BCBB1EC93C42AF4554A322AF45CD032DA1E29E3229B0A66AD2A52B15723519A5CE29FB315130E69D87727438A912A28C66AC90AA0605084C522AB4C2A4330A825954F714982294A9599A82836D213D00AD4964CF6AA17C9BAD641EA2920679C5A054D6E20A79DE7F91AEC01FE55C8E9F0AC9E271CE76166FE9FD6BADEF9AFA5CBD7EECF93CC9FEF45A5A4A5AEF3CD0A28A2900514514005252D253030BC57097D39250388E404FD0D677859B75D383E805749A8DBFDAB4F9E13D194FE7DAB94D064F275244C75AF1F31859DFB9EE6593BC797B1DDAFDD151CD3885093F954918CA0FA5453C224C0615E3A47BD7291D59837030BD8FAD5A87C44231F32549169D0B7DE453F5AD4B5D2ECCAF304609F515A5D13CB22841E2B4CE0A30FA8ADEB5D5A1B88C156E4D44DE1DB29570AA8B9EE2AA8D2859390AFC54BB14B991B4B286A64AFB466AB5BF0719ABD35B79B1100F6A83428BEA4B02927B55497C542352521240EA722896C86E3BCE453E382DA321B68C7D2AA2D7525A6545F10BDC8C853CF6C544D7370B3164DC3D9D4815D0DBDCD92E55A4887A0DE33F966895213212A179FA55362516655ADD99BFD6A8593DBA1A92F38818FA0CD586B601C30FE5505FAE2D64F653593291C068716FD6AF27EC063F33FFD6AE8AB23408B16B34C7EF4921FC874AD7CD7D4E0E3CB4627C6E365CD5E414B494B5D27205145148028A28A002909C0CD2D21E54D31A232C5C7C8A1FD4035CD4D60D69ADC1288CAC723823EB5D4DBC403123BD335A855AC84871BE27571F4CD7CDD6C4D59CDC27DCFAEA383A30A6A74FAA2EC5F328FA523A639A2038415655775719D88C9BABABA543F658F3D864555B9B7D5BEC827B7BB9A4B84705A1594C6A47718047F3AE905AFA7F2AB7042E8A46C183ED571690A49C8E63C2B1EBB70243A85E5DC09186F2F7B33B48E718054E46060F61D6BA556B97B093EDD1795711E3A7471DB03B5598A1C6085191DEAAEA13024A8E31D79A26D308C5C486DAE3F7BB7D6B6E094EDE0D73311DF3003D6B6E27202D64CDD21F7F03BAEE8C6700F1D39AE5755D0E6BF8331DC48B74AFB9199B8E982303A5770A04AB8F6AAB3586C7DCA3AD5C34224AFA3395F09F84E5B382537CDF693B76471755452727AF1C9157ACF4192C2E19AD9DE28C9FB9BB2B5D2DB46578048FA55A36B819EB9AA9CB98CE305033A0899A2F9C61BBD676AA9B2D26EFF00BB6FE46B6E45D958FAA0DD6D20F553FCAB235E861DAE99159E8B6B2142EF220381D4679A81800C71D2BA391234D3D37725630437E02B9D6FBC6BDBCA9CA5CD26F43E7F3950828452D7712969296BD63C00A28A2800A28A2800A4A5A4A064B036188F5151DF0FB465390141E94B18C480E6A465712EE55DCAE30457819953E5ABCDDCFAAC9EAF3D0E47D0488FC8B57A03CD67424ED1918E6AFC46BCF3D046C5BA061DAAC1502A95A49B7356DE5016994453CC116B0AEA5DCD562F6E79ACE6065E7A01D698CB56684C81BD2B6324206C567E9D245C863CFB56DA4D025A1475C91D181ED5162D31F6B2722B49E35751919AC34F94F98AD903A569DB5C33A0DD4D3259205D86ADA3A98F2CB50E4523BE05046E41738ED5897E72A53FBDC5694F35665C47F699427403A9A92C65E1DBA6B8EBC63F0AC03D6BA0D4B10D99031B0801467BF7AE7CF5AF7F2B8B549BF33E6B3B9275D2EC82969296BD33C50A28A2900514514005145140067153452EE214F51D2A0A0360D73E230F1AF0B33B3078A961A7CCB6EA4A54A4841183F7AA646AADBC97049CF153A8AF9CAF45D29B833EA70F5E35E1CF1EA5C86422AC19495EB59E1F152ACBC5667411CC993542EA099A1648DCA06EAC3A8ABED367B52B297E829819F656D3D9C4079D3DC7FBF8247E3D6B76D6D7FB46068E43347B971956D87F3A5D3620580201C7AD68463F7C57F2A18919F65A349A63F976F71733464E489DF711F435B70260726A068A48C9DAA08029239CAA92E578241E7A5263BE86896C0EB55E4933512CFBD735116C9A86C690D9CF1556DBE69DC9754017F8980FE75665E16B03507CC831818AE8C2D0F6F53959CB8CC4FD5E9F3A0D4EEBCFB8C2B65578FAFBD51C52D18AFA8A7054E2A31E87C855A8EA4DCE5BB0A5A4A5AB320A28A290051451400514514009452D253181E84D5884E573558D3E37C28F5AF1F33A0DDAA23DDCA2BA57A4FE4583484D00E45341E6BC53DE2B5DDC35AA0C23BFFBAB9AAE35A93FE59C0EDEF8AD4E3691807354DED87985C1009EB549F71D86C3AD5C29F9BCC4FF00809AD24D6EE1E3CAEE04F75539A8ADE7DBF7B9C7AD68477AA78C2D5686C92204D6EF54E1A399C0EECB8FD6925D52E5D87976721048DC46303F5AB8FBAE0AE48E0638156E28D628F01467BD43688924476D2129F30C1F4AB0A7355D7E5269E25C0359922DCC802FE15CDCEFBE463EF5A37F7585DA3A9ACBC6735EFE5741C62EA4BA9F399BE214A4A9AE8252D1457AC788145145200A28A2800A28A2800A28A2800A4A5A4A60142FDFFC2929CBFEB0573E2FF812F43AB05FEF10F5177629DBB14ACBC5407287D6BE58FB02DA734F16E24EB55524AB514FB687A14893FB2B7F7C8AB50E8C80F0483F5A7C37231DAAE457607614AE55854B258473CD239ED52BDC2124938CD559E7551927153B8C463B6AB4F21084F4C54880CC73C8029B7E36DBB0F515A5249D48A7DCC2ACAD06FC8C5762CC4934941A4AFAF4ACAC8F8993BBBB168A28A090A28A2800A28A2800A28A2800A2928A602D252D2500253A31F3FE14D638FA52C4DB8E71C7AD70E3EAC6149C5BD59E8E5D4653ACA49688B18A42A0D380E28AF9C3EA081A061CAB54324AF1824A9E2AF2D3844AFC1C734C667A6A18E99A9535720E141EB8E95A2BA123F356EDF4586360DB4714AE1A99B05DDD5D1DB1C447BB702B452DD98AB4C77B0FCAAF18523036A8148839A4D8D260AA1474AA97FCC47E957C8E2A95F02626AAA6ED522FCC8AAAF06BC8C03D68A5618620D257D7277573E264ACC28A4A2A89168A4A5A40145145001494514C042297A5152C104970E111492693692BB292BBB223A8BCE19201C9F6E6BA05D13C9B29E590EE658CB01E840AC18A00116BCBC4E61C9EED33D7C265BED35ABF70D54DEC49E476A9A24C53C47814E45AF167395497349DD9EF4211A71E582B224ED48453852E38A928881A5121561474A423340CDCB2B9F357071C55A33051F5AE72DAE1A190704D6BA4A65038A4574262DBA9C829B8E956234DA28013181552E46E423D6AE139A8644C8A4230A5B7DC4D31C5BC709F3A2923FF00A688723F115A862E4D06DF231DAB7A58BAB4F48CB439AAE128D5D651D4C151E62178C1640704E3A67A515D268761145A8BDB6079178A55D31C6E1920FB77A76A3E0EB88833DA3EF1D42B706BDCC363A3557BFA33E7F178095297B9AA3991C52D493DACF6ADB6E2278DBB061D47AD455DF7B9E734D6E2D145250214F14AAA49E0139AB76FA6CB360B2951FA9AD8B3D3163FBAB93DF35CD5B170A7A6ECECA1839D5D764655B698F27327CA3F5AE874DB08E25CAAF26AC259ED506ADD9C7F78579756BCEABD5E87AF470D4E96DB8188346C98E1862B896B5303342DF7A26287F0AF4068B18AE7B5EB2F2EF5655E1274C9FF0078601FD315C9563A5CEDA32F7AC73A5280B565E1C5458C5739D22669C0669B8A729A00632629A839AB18E2A3DBCD03268E207D2AFC083D6A942B8EF572318EF4016D5715276A890D4BBB0290C61A461C51D4D2E2802B94E6A58E3A94266A554C52B0EE3ACA0DDA8DB63AF9A0D760631B704678AE7B4787CCD5623D9159FF004C7F5AEA76715D545591C55DDE461DFD8C72AF96F1A3427F819738FA7A572D7DE158A425ED256898FF00048495FC0FF8D7792C7BAA9B5A2B9E474AEB8569D3F859C752853ABF123CCAEB49BDB324CB6EDB07F1AFCCBF98E2A9EDE335EAA6C4025949523A60D50B9D06D6F5B74D6D1B9FEF01B49FC462BB218FFE75F71C13CBBF919522B4758F24607A62AEC368841F979AB853120438C54A23F9B3EB5E69EB154C012D87B54117CB213EB8357EF17CB8C0F5AA93A794D1B7B5008B65448A3E959BABDB79BA6BB20CCB07EF107AE3EF0FCBF95695A307069668F6488DD714357409D99C3488AEA1D7B8CD5174C1ADABDB36B0BD783188581688FF00B27B7E078ACF921E6B8DAB3B1DE9DD5C81538A8644C11579233514F11E38A06468BB850D153A25E6AD88B70A4C0A88715691EA368714A88690CB48D526ECD44838A9114934864CA29C139A7AC7C54891E298815302948A52F8ED40DCC7206001D698CD6F0E2665B990FF000AAA0FAF24FE98AE801C8ACAD06030E988EE30F313211E80F4FD315A75D74D5A279D51DE4D91B0A89805A95AA32A18F22AD92866DF3148E83BD0707803A1C548C4842AA719A8C2E0019E450056B84DAEADE94E85B71FA54D228E3DEA983E55E11DA801D7C77945F7A8EF47118F6A9186FBA5F4A7DE26644340146D5F6C9B7D6B488DF19159A63FDEE076AB96B36F5656E08EB420296ADA79BDB30ABCCF19DC87D4F71F8D73622381915DACBD370ED591A8588F9AE224CAB72E3D0FAFD2B1AB0BEA8E8A353A330F6ECED4D601FB0AB6F166A23073D6B9D9D68A3F67C37157162E2ACC76D5288B6D01B19F2475085E6B4255AADE5F3400F8D335652358FA0EB50A9238071561213D73486383E3B535896ED52AC59A9960A6912D9592224D5EB5B2FB4CEB0FF09E6423B2FF00F5E90A14C6D059B380A3A93E95BB616BF65806E03CC63973EFFE15A5385D9855A9644E171F28E8B4F3D28071486BA8E323229318A9319A6350322FBB9A8F7FCC4FAD4CC3355D860D48C716C98AAA5F0C4AAF53C4774E07A5477E331D5082C8EF9454D7A3E603D2A0D2C6E93E9566E7FD69A1032801B6E00352CD188A45751C1EB48C3FD2855A9137478A62107EF101EC691484E3D6A28D8A00CA38FE21EB533AA48A190D00655FE9C21CCB00FDD9EAA3F87FFAD59C5738F5AE8D242A7A1E2AACB611DCB16422393BF1F2B7F85633A7D51D14EADB4665C74F6E952CB6F240DB6442A7D7B7E751329EF5838D8E952B952419047AD47B2AD32D33148D088255A8AA302A745C534896CB09F4A915946D1D5D8E0281924D476EAF34A638177B0EA4F017EA6B72CF4F5B75CB90F311CBE3F403B0AD634DB39E735119656222612CA33281803B27FF005FDEAE8F9A80314EC56E95B4395BBEA34D37A529E6815420141A05069010BF150B0CD4D2F14C419CD48CAD6A774CDEF51DF9C4469D65CEEA87523FBBA604BA48CEF35627FBF8F4A8B461FB926A59B9909A680AF27FC7C21F5AB7FC35524FF5D1D5B3F7453422B63693E8690EE8A40C83E53D45498A4EA1C5003832C9C7461D477A694F298639CD340C9E3823A11D69D14ACE42373C1E4D00590C2553C0CE3BF359F3D9C6EE06DF2C9E8455A8D4738E2871BBF0A9714F72949AD8CB7D2653FEAE48CFD4906A3FEC8B907EE2FF00DF75A68C41353824D47B28B35F6F346645A1CEDF78A27E39356E3D1913EF6E90FBF02AFA48DDCE6A6539AA54E28895593EA4314663555589428ECBC0A9D4D2D21356641BA937547D4D3BAD3B00EA28A290C051D8D0681D0D005593E634AA30A4D37F88FD69F8A9433FFFD9);
INSERT INTO `portrait_img` VALUES ('f33470eb', 0xFFD8FFE000104A46494600010100000100010000FFE10E9C4578696600004D4D002A000000080007011200030000000100010000011A00050000000100000062011B0005000000010000006A0128000300000001000200000131000200000024000000720132000200000014000000968769000400000001000000AC000000D8000EA67800002710000EA6780000271041646F62652050686F746F73686F7020434320323031352E35202857696E646F77732900323031373A30333A32392031323A35353A32300000000003A00100030000000100010000A00200040000000100000090A003000400000001000000C10000000000000006010300030000000100060000011A00050000000100000126011B0005000000010000012E012800030000000100020000020100040000000100000136020200040000000100000D5E0000000000000048000000010000004800000001FFD8FFED000C41646F62655F434D0001FFEE000E41646F626500648000000001FFDB0084000C08080809080C09090C110B0A0B11150F0C0C0F1518131315131318110C0C0C0C0C0C110C0C0C0C0C0C0C0C0C0C0C0C0C0C0C0C0C0C0C0C0C0C0C0C0C0C0C0C010D0B0B0D0E0D100E0E10140E0E0E14140E0E0E0E14110C0C0C0C0C11110C0C0C0C0C0C110C0C0C0C0C0C0C0C0C0C0C0C0C0C0C0C0C0C0C0C0C0C0C0C0C0C0C0CFFC00011080091006C03012200021101031101FFDD00040007FFC4013F0000010501010101010100000000000000030001020405060708090A0B0100010501010101010100000000000000010002030405060708090A0B1000010401030204020507060805030C33010002110304211231054151611322718132061491A1B14223241552C16233347282D14307259253F0E1F163733516A2B283264493546445C2A3743617D255E265F2B384C3D375E3F3462794A485B495C4D4E4F4A5B5C5D5E5F55666768696A6B6C6D6E6F637475767778797A7B7C7D7E7F711000202010204040304050607070605350100021103213112044151617122130532819114A1B14223C152D1F0332462E1728292435315637334F1250616A2B283072635C2D2449354A317644555367465E2F2B384C3D375E3F34694A485B495C4D4E4F4A5B5C5D5E5F55666768696A6B6C6D6E6F62737475767778797A7B7C7FFDA000C03010002110311003F0011264EA794DB8F8949DC9F8A65D7BC62FB8F894B71F12992494BEE3E252DC7C4A5CF0AADBD4B06A716BAD05C342180BA3E6DF6A6CF24202E72101FD63C2BA18F2643508CA67B447136B71F1296E3E25513D630625A5EEF101B07FE916A9D5D5302D21A2D0C73B8167B7FE97D0FFA4A31CD72E4D0CB0D7C590F2BCC016714E87F54B6F71F1296E3E252208D0A653302FB8F894B71F12992492BEE3E253C9D9C9E5454BF33E6929FFFD00BB93F14C9DDC9F8A65D7BC62924950EAF98EA2B654C30FB649239DA34FF00A4A2E633C706296496B5B0FDE9165E5B04B3E58E38E9C5B9FDD88DCA2EABD408071F1DE5B3A58F6FD23FC86BBF3562C3469D86903B293DDB8E8340A0591C9D0F872B9BCF9E79A66733E43F4623F762F51CBF2F8F0631080FEF4BF4A72FDE92C5C2609F90481F0063C12F49D1004788EEA3A032274EEA26676FA475260A463DDA6D700C71E7DC7E89FED7E72D820830795C734932758F0F1F8AE83A365BEFA9F55AE97D71B667747E77F65AB57E1BCF484A38326A0FA71CBF77FA9FDD71FE27C847865CC631C247AB247F7FFAF1FEB7EFBA092492D970D4A5F99F35152FCCF9A497FFD10BB93F14C9DDC9F8A65D7BC62973FD5EC73B39E4EA190C60EDA72BA0583D4EB2ECE708E5DA4782CCF8C13ED631D0CF5FF15D4F8281EF643D4434FF0018206E339CC6C0E4C0F3F1562AC0796071692786FC974789D29BF67A896FBC024796E5A98BD21AD7B7DB31DCFC656019F67A318FBB8157D5D73714DAE6FBA24AA8DE816438B98648DADF892BBDB28F606C266E18740DBA375F9A6F115FC31790C7FAA05D439EFF000D3B2C4AEBB3A766C389DAC7C11E23C17A89A8359B622170DF5B70FD1CF0E6B7DB68DC3CE0FB9A9D8E7212041D46A3FBC1665C7130208D08A90EF1926F870750928639DD8F593FBBF914D7618A7C78E13FDF8897F8CF15961C19270FDC94A1FE29E15297E67CD454BF33E69CB5FFD20BB93F14C9DDC9F8A65D7BC6295038FEAF5AAAB708DEF69D7B889957D13AB6C6F4FC6CEC7681D4B1C170BAB692E14077A773ED6FF36EFB333E83EC6ACBF8CDFB38FF00BFBFF83275BE075EF6437B436F0E38BA595FB4580370D81A07E7912E27F923F350E8EA1D7B1AC07231C3AA3F9C416BBFF22A5674EC96D0DDA19664003D47DEEB1F24EBBBE9AAD8F81D4DD96F65EDA5D8D3FA37546CAED00FE7456FF4FD9FBAEFA6B9F7A4D7B17A0C6CF6E4B038687BB4A0E4F54C9AA5B8D49BDE39130165331FADB73F22AE9D9758AE9A9AE732FABD63EA3B7FE8D96561AF6336318FDD6FFA44618D7DDD331F3373F2F22DA9B63BD5B0B2BDEE1B9DFA3C7F4AB6D6C7FB50FAA7E8DCA33FABDA7F4B89E97913B81FED2A5F5BA8F57A75179616DADB43403C8DC0E9FE7044E9B4F537D6C397463071243D8CDC0B5BF985B636C7EF7FF590BA86336BEAF8B46417DDD3AC71BF2B14171635AC35D789EE738EDF5F25FB5386FBECB4DD6DBF4EAE535BB18D67EE8013A36512726C9DA4EE20ED10DD3F763F350575F83F9AC7A70FA23E9FDDF4FCAF159FF9EC9EAE3F5CBD43F4FD5F37F84A52FCCF9A8A97E67CD48C6FFFD30BB93F14C9DDC9F8A65D7BC6296C74565765766E01C58D7D6E69E36D9B0EDFED6CB163AB7D2ED7559D5C1D1E763878877FE64AA7C430FBBCB4E23788F723FE074FF09B9F0DCFECF358E4758C8FB72FFAA75FF05DBACD94B435AF6D9B406B77B4EE000DADDCF61FD27F5F628DB979607B5B5EBE01DFC54F6C9452C6B6A716805D1A12B94B2F5E0065D1B18E3B1E4B8BEEB9C6DBAD220B9E4787E6B2B635B5D6C4DF66B715CFFB2B80A1CE2F14B84FA65C77D8DADD3FCCBDEEDFE9EDFD12A98DD5323ED0FAECABD3ABFC196993FF005CD36B7FB0E57F0EFCBBC38E4D4CAC871D86B71702CFCCDDBDACFD27EFA369A598EBFC5AD3FD427FEFCD51BE8AD98D937DAE2F7D819EA58607B6A3BD8D6B1BEC6319EF76DFDF7AB45A1657D62BB660D740306E7C91E2D60FFC9B9AA5E5B11CD9A18BF7CEBFDDF9A5FF0035839BCC3060C996BE4163FBDF2C7FE73CECCEBE299249760F12A52FCCF9A8A97E67CD24BFFFD40BB93F14C9DDC9F8A65D7BC629498F731ED7B7E934870F885149222F42A068D8E8F4ECB596B1B6B0CB5E247FAFF25032B2B22A6CD557AC072DDC1BF3F77D254BA55C5B55AD749635CD23CA776E57C43F50647885C873783D8CF3C40D881D3FBB21C71FFA4F69C967F7F97C7948A331A8FEB465C12FFA2D4C7CEEA05DB8E26E69E0B76387CBDDB9AB431FA86538ED7E2581FD882CFF00A7EEDA8030C974B1FB64EB10B429A054DD0CF89505B6C98D6813B5E5CD04F25739F587245B9A296996E3B7698FDF3EEB3FCDFA0B5FA9671C2C4365706D710CAE7582413BFF00B0D0B952492492493A927924AD9F8372A4C8F312D85C31FF007BF4E5FF0072E07C739B0223968FCD2A9E4FEEFE847FEE96492496EBCF294BF33E6A2A5F99F3492FFFD50BB93F14CA5B5CE710D05C7C06AA4DA2D7180D23C6745D6CB24203D728C74BF51A78E8E2C933E884A5AD7A471234E74009D01E09D0157EBC4A582B73FDE09879D601FCD1A7E6A26361E3D7D4B2321EDDF75DE9DB507FB9AC0C6FA3FAB57F46ADAFFA7B3FD22CDCFF0018C70BF6E07257527823F4F99D4E5FE0B9275EE6418EF5E103DC97D7E58A6C3C27D18A45836D961DCE6F7007D169503BEB276BB69F2E0ABF3E2856D4D7AC1CF9659724B2CFE699B3FB03D172F86187147147E580A17F89FF00090577DC7596CF84156E9B321C23744FFAF742AF1D8D3255CA9A06BE1C2899B445D4FA7D99381B291BAE638581BDDDA16BDBAFE76AB9A2C7B490E6905A61C08D411D9CBAF75D02164F53C5C5C9BAAB5ED8C90F6B9AF638B1CE6D643DDEAECFE76BFCCFD27EFAD3E47E252E5E1ED1809C6EC6BC328F1395F10F85C7999FBA327B73AA969C71970FF8AE224B4EDC6C7B6D710DF4C012EDBA00E3E0DFA2A93F12D69F68DE3B11CFF9AB6707C43065D38BDB97EEE4F4FF008A5C2CFF000EE630EBC3EE47F7B1FABFC61FA2854BF33E693D8F6187B4B4F304425F99F356B8855D8AEFD1A9C32BE1A3C5DBABFFD6D16B1D59DB5B7678EDFF007295956E26D6883C3C22D63D42790F1241E24271ED3AE9D9C39D3E6A43A9B26C9EA77631A0A0280E8366BED6EA1DF45FCC9D14CB3D46887ECB6B3B98F8983F47567E75767D0B98A4E6CC81A89E47FAEE4DE9911063CFE3E3285241EA1951942D7BA97B7D2C967D3A49991FE9297FF87A7F96DFFAE7BD1E557756CB1BB6D6B481F44EB03F94D3F4EBFECA5E9DB58FD1DA483D9C3781FDBF6B9452C47A6ACD1CC3F4B46C4A7DC47785536E5C7D36CF86D77E495215DCFD1F696FF546DFFA6EDE9BEDCBB2EF761DD9E565B28DA1C0BED7FF00374B3E9BBE1FB8CFF49759FA3AD0DAD734BADB9C0DEFD0EDFA2D038A6BDDFE099F9F67F857A4DAEBA81F4837738FB9D24CFF005EC3EF7A7D8E2799EDE5F2524615A9D4B14F27168340888046D1AEB2634D53B6B13B88F6B7F2A9866D11DBC7FDA54CF80E07E54FA59689E1D67B5ED0F6760E1A4A07ECFAA676BA27E84E9F7FD3565C349224F109A4ED99D67F82709CC44C048F04BE68FE8FEF6CB0C2064266238E3F2CEBD7FBBF33FFD7DAF4CFD31323F8246358682476EDF8A2012D07BBB58034FC544824168968D3DB1FC548C6C446DE66343E5FF7D4B69719E654808E601E3CCF82703E60F20F6FFCE925239730981A0E41E5269AC49DB13E1312A65A0FE74FF001436C34C103B493F9125320468EF74C4F2A2E35B8096CF99263E096D00C4B7E3FED48334DA75F87292944B9D1A69C40E539611DA3F04E1A1BC3A2383CA911D8683C7C5253090417131E6A2069AE88844E9A133C14D0E1A0F88092962C075F0F0D7442DDAFF2774233C10CFDD1D8F03F8217A67D3DDFCA9EDE0929FFD0E81BC33E5F913BBF9AFF005F35E129272D7DCD9FE13E0A7F9FF22BC252414FBB3BFEFA144F6F895E16922A7DDFFC121BF80BC312494FB9B791F129FF00B8AF0B49253EE367F363FAC5499F40AF0C49053EE6EE1BF04DFE03FB4BC352454FFFD9FFED168250686F746F73686F7020332E30003842494D0425000000000010000000000000000000000000000000003842494D043A0000000000D7000000100000000100000000000B7072696E744F7574707574000000050000000050737453626F6F6C0100000000496E7465656E756D00000000496E746500000000496D67200000000F7072696E745369787465656E426974626F6F6C000000000B7072696E7465724E616D65544558540000000100000000000F7072696E7450726F6F6653657475704F626A6300000005682168378BBE7F6E00000000000A70726F6F6653657475700000000100000000426C746E656E756D0000000C6275696C74696E50726F6F660000000970726F6F66434D594B003842494D043B00000000022D00000010000000010000000000127072696E744F75747075744F7074696F6E7300000017000000004370746E626F6F6C0000000000436C6272626F6F6C00000000005267734D626F6F6C000000000043726E43626F6F6C0000000000436E7443626F6F6C00000000004C626C73626F6F6C00000000004E677476626F6F6C0000000000456D6C44626F6F6C0000000000496E7472626F6F6C000000000042636B674F626A630000000100000000000052474243000000030000000052642020646F7562406FE000000000000000000047726E20646F7562406FE0000000000000000000426C2020646F7562406FE000000000000000000042726454556E744623526C74000000000000000000000000426C6420556E744623526C7400000000000000000000000052736C74556E74462350786C405800C4800000000000000A766563746F7244617461626F6F6C010000000050675073656E756D00000000506750730000000050675043000000004C656674556E744623526C74000000000000000000000000546F7020556E744623526C7400000000000000000000000053636C20556E74462350726340590000000000000000001063726F705768656E5072696E74696E67626F6F6C000000000E63726F7052656374426F74746F6D6C6F6E67000000000000000C63726F70526563744C6566746C6F6E67000000000000000D63726F705265637452696768746C6F6E67000000000000000B63726F7052656374546F706C6F6E6700000000003842494D03ED000000000010006003120001000200600312000100023842494D042600000000000E000000000000000000003F8000003842494D040D0000000000040000005A3842494D04190000000000040000001E3842494D03F3000000000009000000000000000001003842494D271000000000000A000100000000000000023842494D03F5000000000048002F66660001006C66660006000000000001002F6666000100A1999A0006000000000001003200000001005A00000006000000000001003500000001002D000000060000000000013842494D03F80000000000700000FFFFFFFFFFFFFFFFFFFFFFFFFFFFFFFFFFFFFFFFFFFF03E800000000FFFFFFFFFFFFFFFFFFFFFFFFFFFFFFFFFFFFFFFFFFFF03E800000000FFFFFFFFFFFFFFFFFFFFFFFFFFFFFFFFFFFFFFFFFFFF03E800000000FFFFFFFFFFFFFFFFFFFFFFFFFFFFFFFFFFFFFFFFFFFF03E800003842494D040000000000000200013842494D0402000000000004000000003842494D043000000000000201013842494D042D0000000000060001000000023842494D0408000000000010000000010000024000000240000000003842494D041E000000000004000000003842494D041A00000000033F000000060000000000000000000000C10000009000000005672A68079898002D0031000000010000000000000000000000000000000000000001000000000000000000000090000000C100000000000000000000000000000000010000000000000000000000000000000000000010000000010000000000006E756C6C0000000200000006626F756E64734F626A6300000001000000000000526374310000000400000000546F70206C6F6E6700000000000000004C6566746C6F6E67000000000000000042746F6D6C6F6E67000000C100000000526768746C6F6E670000009000000006736C69636573566C4C73000000014F626A6300000001000000000005736C6963650000001200000007736C69636549446C6F6E67000000000000000767726F757049446C6F6E6700000000000000066F726967696E656E756D0000000C45536C6963654F726967696E0000000D6175746F47656E6572617465640000000054797065656E756D0000000A45536C6963655479706500000000496D672000000006626F756E64734F626A6300000001000000000000526374310000000400000000546F70206C6F6E6700000000000000004C6566746C6F6E67000000000000000042746F6D6C6F6E67000000C100000000526768746C6F6E67000000900000000375726C54455854000000010000000000006E756C6C54455854000000010000000000004D7367655445585400000001000000000006616C74546167544558540000000100000000000E63656C6C54657874497348544D4C626F6F6C010000000863656C6C546578745445585400000001000000000009686F727A416C69676E656E756D0000000F45536C696365486F727A416C69676E0000000764656661756C740000000976657274416C69676E656E756D0000000F45536C69636556657274416C69676E0000000764656661756C740000000B6267436F6C6F7254797065656E756D0000001145536C6963654247436F6C6F7254797065000000004E6F6E6500000009746F704F75747365746C6F6E67000000000000000A6C6566744F75747365746C6F6E67000000000000000C626F74746F6D4F75747365746C6F6E67000000000000000B72696768744F75747365746C6F6E6700000000003842494D042800000000000C000000023FF00000000000003842494D0414000000000004000000023842494D040C000000000D7A000000010000006C00000091000001440000B78400000D5E00180001FFD8FFED000C41646F62655F434D0001FFEE000E41646F626500648000000001FFDB0084000C08080809080C09090C110B0A0B11150F0C0C0F1518131315131318110C0C0C0C0C0C110C0C0C0C0C0C0C0C0C0C0C0C0C0C0C0C0C0C0C0C0C0C0C0C0C0C0C0C010D0B0B0D0E0D100E0E10140E0E0E14140E0E0E0E14110C0C0C0C0C11110C0C0C0C0C0C110C0C0C0C0C0C0C0C0C0C0C0C0C0C0C0C0C0C0C0C0C0C0C0C0C0C0C0CFFC00011080091006C03012200021101031101FFDD00040007FFC4013F0000010501010101010100000000000000030001020405060708090A0B0100010501010101010100000000000000010002030405060708090A0B1000010401030204020507060805030C33010002110304211231054151611322718132061491A1B14223241552C16233347282D14307259253F0E1F163733516A2B283264493546445C2A3743617D255E265F2B384C3D375E3F3462794A485B495C4D4E4F4A5B5C5D5E5F55666768696A6B6C6D6E6F637475767778797A7B7C7D7E7F711000202010204040304050607070605350100021103213112044151617122130532819114A1B14223C152D1F0332462E1728292435315637334F1250616A2B283072635C2D2449354A317644555367465E2F2B384C3D375E3F34694A485B495C4D4E4F4A5B5C5D5E5F55666768696A6B6C6D6E6F62737475767778797A7B7C7FFDA000C03010002110311003F0011264EA794DB8F8949DC9F8A65D7BC62FB8F894B71F12992494BEE3E252DC7C4A5CF0AADBD4B06A716BAD05C342180BA3E6DF6A6CF24202E72101FD63C2BA18F2643508CA67B447136B71F1296E3E25513D630625A5EEF101B07FE916A9D5D5302D21A2D0C73B8167B7FE97D0FFA4A31CD72E4D0CB0D7C590F2BCC016714E87F54B6F71F1296E3E252208D0A653302FB8F894B71F12992492BEE3E253C9D9C9E5454BF33E6929FFFD00BB93F14C9DDC9F8A65D7BC62924950EAF98EA2B654C30FB649239DA34FF00A4A2E633C706296496B5B0FDE9165E5B04B3E58E38E9C5B9FDD88DCA2EABD408071F1DE5B3A58F6FD23FC86BBF3562C3469D86903B293DDB8E8340A0591C9D0F872B9BCF9E79A66733E43F4623F762F51CBF2F8F0631080FEF4BF4A72FDE92C5C2609F90481F0063C12F49D1004788EEA3A032274EEA26676FA475260A463DDA6D700C71E7DC7E89FED7E72D820830795C734932758F0F1F8AE83A365BEFA9F55AE97D71B667747E77F65AB57E1BCF484A38326A0FA71CBF77FA9FDD71FE27C847865CC631C247AB247F7FFAF1FEB7EFBA092492D970D4A5F99F35152FCCF9A497FFD10BB93F14C9DDC9F8A65D7BC62973FD5EC73B39E4EA190C60EDA72BA0583D4EB2ECE708E5DA4782CCF8C13ED631D0CF5FF15D4F8281EF643D4434FF0018206E339CC6C0E4C0F3F1562AC0796071692786FC974789D29BF67A896FBC024796E5A98BD21AD7B7DB31DCFC656019F67A318FBB8157D5D73714DAE6FBA24AA8DE816438B98648DADF892BBDB28F606C266E18740DBA375F9A6F115FC31790C7FAA05D439EFF000D3B2C4AEBB3A766C389DAC7C11E23C17A89A8359B622170DF5B70FD1CF0E6B7DB68DC3CE0FB9A9D8E7212041D46A3FBC1665C7130208D08A90EF1926F870750928639DD8F593FBBF914D7618A7C78E13FDF8897F8CF15961C19270FDC94A1FE29E15297E67CD454BF33E69CB5FFD20BB93F14C9DDC9F8A65D7BC6295038FEAF5AAAB708DEF69D7B889957D13AB6C6F4FC6CEC7681D4B1C170BAB692E14077A773ED6FF36EFB333E83EC6ACBF8CDFB38FF00BFBFF83275BE075EF6437B436F0E38BA595FB4580370D81A07E7912E27F923F350E8EA1D7B1AC07231C3AA3F9C416BBFF22A5674EC96D0DDA19664003D47DEEB1F24EBBBE9AAD8F81D4DD96F65EDA5D8D3FA37546CAED00FE7456FF4FD9FBAEFA6B9F7A4D7B17A0C6CF6E4B038687BB4A0E4F54C9AA5B8D49BDE39130165331FADB73F22AE9D9758AE9A9AE732FABD63EA3B7FE8D96561AF6336318FDD6FFA44618D7DDD331F3373F2F22DA9B63BD5B0B2BDEE1B9DFA3C7F4AB6D6C7FB50FAA7E8DCA33FABDA7F4B89E97913B81FED2A5F5BA8F57A75179616DADB43403C8DC0E9FE7044E9B4F537D6C397463071243D8CDC0B5BF985B636C7EF7FF590BA86336BEAF8B46417DDD3AC71BF2B14171635AC35D789EE738EDF5F25FB5386FBECB4DD6DBF4EAE535BB18D67EE8013A36512726C9DA4EE20ED10DD3F763F350575F83F9AC7A70FA23E9FDDF4FCAF159FF9EC9EAE3F5CBD43F4FD5F37F84A52FCCF9A8A97E67CD48C6FFFD30BB93F14C9DDC9F8A65D7BC6296C74565765766E01C58D7D6E69E36D9B0EDFED6CB163AB7D2ED7559D5C1D1E763878877FE64AA7C430FBBCB4E23788F723FE074FF09B9F0DCFECF358E4758C8FB72FFAA75FF05DBACD94B435AF6D9B406B77B4EE000DADDCF61FD27F5F628DB979607B5B5EBE01DFC54F6C9452C6B6A716805D1A12B94B2F5E0065D1B18E3B1E4B8BEEB9C6DBAD220B9E4787E6B2B635B5D6C4DF66B715CFFB2B80A1CE2F14B84FA65C77D8DADD3FCCBDEEDFE9EDFD12A98DD5323ED0FAECABD3ABFC196993FF005CD36B7FB0E57F0EFCBBC38E4D4CAC871D86B71702CFCCDDBDACFD27EFA369A598EBFC5AD3FD427FEFCD51BE8AD98D937DAE2F7D819EA58607B6A3BD8D6B1BEC6319EF76DFDF7AB45A1657D62BB660D740306E7C91E2D60FFC9B9AA5E5B11CD9A18BF7CEBFDDF9A5FF0035839BCC3060C996BE4163FBDF2C7FE73CECCEBE299249760F12A52FCCF9A8A97E67CD24BFFFD40BB93F14C9DDC9F8A65D7BC629498F731ED7B7E934870F885149222F42A068D8E8F4ECB596B1B6B0CB5E247FAFF25032B2B22A6CD557AC072DDC1BF3F77D254BA55C5B55AD749635CD23CA776E57C43F50647885C873783D8CF3C40D881D3FBB21C71FFA4F69C967F7F97C7948A331A8FEB465C12FFA2D4C7CEEA05DB8E26E69E0B76387CBDDB9AB431FA86538ED7E2581FD882CFF00A7EEDA8030C974B1FB64EB10B429A054DD0CF89505B6C98D6813B5E5CD04F25739F587245B9A296996E3B7698FDF3EEB3FCDFA0B5FA9671C2C4365706D710CAE7582413BFF00B0D0B952492492493A927924AD9F8372A4C8F312D85C31FF007BF4E5FF0072E07C739B0223968FCD2A9E4FEEFE847FEE96492496EBCF294BF33E6A2A5F99F3492FFFD50BB93F14CA5B5CE710D05C7C06AA4DA2D7180D23C6745D6CB24203D728C74BF51A78E8E2C933E884A5AD7A471234E74009D01E09D0157EBC4A582B73FDE09879D601FCD1A7E6A26361E3D7D4B2321EDDF75DE9DB507FB9AC0C6FA3FAB57F46ADAFFA7B3FD22CDCFF0018C70BF6E07257527823F4F99D4E5FE0B9275EE6418EF5E103DC97D7E58A6C3C27D18A45836D961DCE6F7007D169503BEB276BB69F2E0ABF3E2856D4D7AC1CF9659724B2CFE699B3FB03D172F86187147147E580A17F89FF00090577DC7596CF84156E9B321C23744FFAF742AF1D8D3255CA9A06BE1C2899B445D4FA7D99381B291BAE638581BDDDA16BDBAFE76AB9A2C7B490E6905A61C08D411D9CBAF75D02164F53C5C5C9BAAB5ED8C90F6B9AF638B1CE6D643DDEAECFE76BFCCFD27EFAD3E47E252E5E1ED1809C6EC6BC328F1395F10F85C7999FBA327B73AA969C71970FF8AE224B4EDC6C7B6D710DF4C012EDBA00E3E0DFA2A93F12D69F68DE3B11CFF9AB6707C43065D38BDB97EEE4F4FF008A5C2CFF000EE630EBC3EE47F7B1FABFC61FA2854BF33E693D8F6187B4B4F304425F99F356B8855D8AEFD1A9C32BE1A3C5DBABFFD6D16B1D59DB5B7678EDFF007295956E26D6883C3C22D63D42790F1241E24271ED3AE9D9C39D3E6A43A9B26C9EA77631A0A0280E8366BED6EA1DF45FCC9D14CB3D46887ECB6B3B98F8983F47567E75767D0B98A4E6CC81A89E47FAEE4DE9911063CFE3E3285241EA1951942D7BA97B7D2C967D3A49991FE9297FF87A7F96DFFAE7BD1E557756CB1BB6D6B481F44EB03F94D3F4EBFECA5E9DB58FD1DA483D9C3781FDBF6B9452C47A6ACD1CC3F4B46C4A7DC47785536E5C7D36CF86D77E495215DCFD1F696FF546DFFA6EDE9BEDCBB2EF761DD9E565B28DA1C0BED7FF00374B3E9BBE1FB8CFF49759FA3AD0DAD734BADB9C0DEFD0EDFA2D038A6BDDFE099F9F67F857A4DAEBA81F4837738FB9D24CFF005EC3EF7A7D8E2799EDE5F2524615A9D4B14F27168340888046D1AEB2634D53B6B13B88F6B7F2A9866D11DBC7FDA54CF80E07E54FA59689E1D67B5ED0F6760E1A4A07ECFAA676BA27E84E9F7FD3565C349224F109A4ED99D67F82709CC44C048F04BE68FE8FEF6CB0C2064266238E3F2CEBD7FBBF33FFD7DAF4CFD31323F8246358682476EDF8A2012D07BBB58034FC544824168968D3DB1FC548C6C446DE66343E5FF7D4B69719E654808E601E3CCF82703E60F20F6FFCE925239730981A0E41E5269AC49DB13E1312A65A0FE74FF001436C34C103B493F9125320468EF74C4F2A2E35B8096CF99263E096D00C4B7E3FED48334DA75F87292944B9D1A69C40E539611DA3F04E1A1BC3A2383CA911D8683C7C5253090417131E6A2069AE88844E9A133C14D0E1A0F88092962C075F0F0D7442DDAFF2774233C10CFDD1D8F03F8217A67D3DDFCA9EDE0929FFD0E81BC33E5F913BBF9AFF005F35E129272D7DCD9FE13E0A7F9FF22BC252414FBB3BFEFA144F6F895E16922A7DDFFC121BF80BC312494FB9B791F129FF00B8AF0B49253EE367F363FAC5499F40AF0C49053EE6EE1BF04DFE03FB4BC352454FFFD93842494D042100000000006100000001010000000F00410064006F00620065002000500068006F0074006F00730068006F00700000001900410064006F00620065002000500068006F0074006F00730068006F007000200043004300200032003000310035002E003500000001003842494D04060000000000070008000000010100FFE10FDE687474703A2F2F6E732E61646F62652E636F6D2F7861702F312E302F003C3F787061636B657420626567696E3D22EFBBBF222069643D2257354D304D7043656869487A7265537A4E54637A6B633964223F3E203C783A786D706D65746120786D6C6E733A783D2261646F62653A6E733A6D6574612F2220783A786D70746B3D2241646F626520584D5020436F726520352E362D633133322037392E3135393238342C20323031362F30342F31392D31333A31333A34302020202020202020223E203C7264663A52444620786D6C6E733A7264663D22687474703A2F2F7777772E77332E6F72672F313939392F30322F32322D7264662D73796E7461782D6E7323223E203C7264663A4465736372697074696F6E207264663A61626F75743D222220786D6C6E733A786D703D22687474703A2F2F6E732E61646F62652E636F6D2F7861702F312E302F2220786D6C6E733A786D704D4D3D22687474703A2F2F6E732E61646F62652E636F6D2F7861702F312E302F6D6D2F2220786D6C6E733A73744576743D22687474703A2F2F6E732E61646F62652E636F6D2F7861702F312E302F73547970652F5265736F757263654576656E74232220786D6C6E733A70686F746F73686F703D22687474703A2F2F6E732E61646F62652E636F6D2F70686F746F73686F702F312E302F2220786D6C6E733A64633D22687474703A2F2F7075726C2E6F72672F64632F656C656D656E74732F312E312F2220786D703A43726561746F72546F6F6C3D2241646F62652050686F746F73686F7020434320323031352E35202857696E646F7773292220786D703A437265617465446174653D22323031372D30332D32395431323A35353A32302B30383A30302220786D703A4D65746164617461446174653D22323031372D30332D32395431323A35353A32302B30383A30302220786D703A4D6F64696679446174653D22323031372D30332D32395431323A35353A32302B30383A30302220786D704D4D3A496E7374616E636549443D22786D702E6969643A37313565653132662D613838632D363434662D383665302D6434656531323733646332622220786D704D4D3A446F63756D656E7449443D2261646F62653A646F6369643A70686F746F73686F703A65393539363038612D313433622D313165372D626566362D6630363334636432653638312220786D704D4D3A4F726967696E616C446F63756D656E7449443D22786D702E6469643A39326338323065382D333964652D653334612D383630332D363536376534396662666162222070686F746F73686F703A436F6C6F724D6F64653D2233222070686F746F73686F703A49434350726F66696C653D22735247422049454336313936362D322E31222064633A666F726D61743D22696D6167652F6A706567223E203C786D704D4D3A486973746F72793E203C7264663A5365713E203C7264663A6C692073744576743A616374696F6E3D2263726561746564222073744576743A696E7374616E636549443D22786D702E6969643A39326338323065382D333964652D653334612D383630332D363536376534396662666162222073744576743A7768656E3D22323031372D30332D32395431323A35353A32302B30383A3030222073744576743A736F6674776172654167656E743D2241646F62652050686F746F73686F7020434320323031352E35202857696E646F777329222F3E203C7264663A6C692073744576743A616374696F6E3D227361766564222073744576743A696E7374616E636549443D22786D702E6969643A37313565653132662D613838632D363434662D383665302D643465653132373364633262222073744576743A7768656E3D22323031372D30332D32395431323A35353A32302B30383A3030222073744576743A736F6674776172654167656E743D2241646F62652050686F746F73686F7020434320323031352E35202857696E646F777329222073744576743A6368616E6765643D222F222F3E203C2F7264663A5365713E203C2F786D704D4D3A486973746F72793E203C70686F746F73686F703A446F63756D656E74416E636573746F72733E203C7264663A4261673E203C7264663A6C693E32434333393143313934313539383344343445444245413636323636383944453C2F7264663A6C693E203C7264663A6C693E33463541344532323839323834324144393130453644464141374435333846453C2F7264663A6C693E203C7264663A6C693E38373745324144373436394137423631304241334244353932423535373332303C2F7264663A6C693E203C7264663A6C693E43323236333744444245324345304333413943464241413843373141443838453C2F7264663A6C693E203C7264663A6C693E786D702E6469643A35666138376463312D346461302D393434332D383039632D6266323664663539656632303C2F7264663A6C693E203C7264663A6C693E786D702E6469643A39633737323832342D333838622D306334322D623763312D3461613833326431323061653C2F7264663A6C693E203C7264663A6C693E786D702E6469643A64663665613739662D306464652D346534652D613261382D3435623661313932376439373C2F7264663A6C693E203C2F7264663A4261673E203C2F70686F746F73686F703A446F63756D656E74416E636573746F72733E203C2F7264663A4465736372697074696F6E3E203C2F7264663A5244463E203C2F783A786D706D6574613E2020202020202020202020202020202020202020202020202020202020202020202020202020202020202020202020202020202020202020202020202020202020202020202020202020202020202020202020202020202020202020202020202020202020202020202020202020202020202020202020202020202020202020202020202020202020202020202020202020202020202020202020202020202020202020202020202020202020202020202020202020202020202020202020202020202020202020202020202020202020202020202020202020202020202020202020202020202020202020202020202020202020202020202020202020202020202020202020202020202020202020202020202020202020202020202020202020202020202020202020202020202020202020202020202020202020202020202020202020202020202020202020202020202020202020202020202020202020202020202020202020202020202020202020202020202020202020202020202020202020202020202020202020202020202020202020202020202020202020202020202020202020202020202020202020202020202020202020202020202020202020202020202020202020202020202020202020202020202020202020202020202020202020202020202020202020202020202020202020202020202020202020202020202020202020202020202020202020202020202020202020202020202020202020202020202020202020202020202020202020202020202020202020202020202020202020202020202020202020202020202020202020202020202020202020202020202020202020202020202020202020202020202020202020202020202020202020202020202020202020202020202020202020202020202020202020202020202020202020202020202020202020202020202020202020202020202020202020202020202020202020202020202020202020202020202020202020202020202020202020202020202020202020202020202020202020202020202020202020202020202020202020202020202020202020202020202020202020202020202020202020202020202020202020202020202020202020202020202020202020202020202020202020202020202020202020202020202020202020202020202020202020202020202020202020202020202020202020202020202020202020202020202020202020202020202020202020202020202020202020202020202020202020202020202020202020202020202020202020202020202020202020202020202020202020202020202020202020202020202020202020202020202020202020202020202020202020202020202020202020202020202020202020202020202020202020202020202020202020202020202020202020202020202020202020202020202020202020202020202020202020202020202020202020202020202020202020202020202020202020202020202020202020202020202020202020202020202020202020202020202020202020202020202020202020202020202020202020202020202020202020202020202020202020202020202020202020202020202020202020202020202020202020202020202020202020202020202020202020202020202020202020202020202020202020202020202020202020202020202020202020202020202020202020202020202020202020202020202020202020202020202020202020202020202020202020202020202020202020202020202020202020202020202020202020202020202020202020202020202020202020202020202020202020202020202020202020202020202020202020202020202020202020202020202020202020202020202020202020202020202020202020202020202020202020202020202020202020202020202020202020202020202020202020202020202020202020202020202020202020202020202020202020202020202020202020202020202020202020202020202020202020202020202020202020202020202020202020202020202020202020202020202020202020202020202020202020202020202020202020202020202020202020202020202020202020202020202020202020202020202020202020202020202020202020202020202020202020202020202020202020202020202020202020202020202020202020202020202020202020202020202020202020202020202020202020202020202020202020202020202020202020202020202020202020202020202020202020202020202020202020202020202020202020202020202020202020202020202020202020202020202020202020202020202020202020202020202020202020202020202020202020202020202020202020202020202020202020202020202020202020202020202020202020202020202020202020202020202020202020202020202020202020202020202020202020202020202020202020202020202020202020202020202020202020202020202020202020202020202020202020202020202020202020202020202020202020202020202020202020202020202020202020202020202020202020202020202020202020202020202020202020202020202020202020202020202020202020202020202020202020202020202020202020202020202020202020202020202020202020202020202020202020202020202020202020202020202020202020202020202020202020202020203C3F787061636B657420656E643D2277223F3EFFE20C584943435F50524F46494C4500010100000C484C696E6F021000006D6E74725247422058595A2007CE00020009000600310000616373704D5346540000000049454320735247420000000000000000000000000000F6D6000100000000D32D4850202000000000000000000000000000000000000000000000000000000000000000000000000000000000000000000000001163707274000001500000003364657363000001840000006C77747074000001F000000014626B707400000204000000147258595A00000218000000146758595A0000022C000000146258595A0000024000000014646D6E640000025400000070646D6464000002C400000088767565640000034C0000008676696577000003D4000000246C756D69000003F8000000146D6561730000040C0000002474656368000004300000000C725452430000043C0000080C675452430000043C0000080C625452430000043C0000080C7465787400000000436F70797269676874202863292031393938204865776C6574742D5061636B61726420436F6D70616E790000646573630000000000000012735247422049454336313936362D322E31000000000000000000000012735247422049454336313936362D322E31000000000000000000000000000000000000000000000000000000000000000000000000000000000000000000000000000058595A20000000000000F35100010000000116CC58595A200000000000000000000000000000000058595A200000000000006FA2000038F50000039058595A2000000000000062990000B785000018DA58595A2000000000000024A000000F840000B6CF64657363000000000000001649454320687474703A2F2F7777772E6965632E636800000000000000000000001649454320687474703A2F2F7777772E6965632E63680000000000000000000000000000000000000000000000000000000000000000000000000000000000000000000064657363000000000000002E4945432036313936362D322E312044656661756C742052474220636F6C6F7572207370616365202D207352474200000000000000000000002E4945432036313936362D322E312044656661756C742052474220636F6C6F7572207370616365202D20735247420000000000000000000000000000000000000000000064657363000000000000002C5265666572656E63652056696577696E6720436F6E646974696F6E20696E2049454336313936362D322E3100000000000000000000002C5265666572656E63652056696577696E6720436F6E646974696F6E20696E2049454336313936362D322E31000000000000000000000000000000000000000000000000000076696577000000000013A4FE00145F2E0010CF140003EDCC0004130B00035C9E0000000158595A2000000000004C09560050000000571FE76D6561730000000000000001000000000000000000000000000000000000028F0000000273696720000000004352542063757276000000000000040000000005000A000F00140019001E00230028002D00320037003B00400045004A004F00540059005E00630068006D00720077007C00810086008B00900095009A009F00A400A900AE00B200B700BC00C100C600CB00D000D500DB00E000E500EB00F000F600FB01010107010D01130119011F0125012B01320138013E0145014C0152015901600167016E0175017C0183018B0192019A01A101A901B101B901C101C901D101D901E101E901F201FA0203020C0214021D0226022F02380241024B0254025D02670271027A0284028E029802A202AC02B602C102CB02D502E002EB02F50300030B03160321032D03380343034F035A03660372037E038A039603A203AE03BA03C703D303E003EC03F9040604130420042D043B0448045504630471047E048C049A04A804B604C404D304E104F004FE050D051C052B053A05490558056705770586059605A605B505C505D505E505F6060606160627063706480659066A067B068C069D06AF06C006D106E306F507070719072B073D074F076107740786079907AC07BF07D207E507F8080B081F08320846085A086E0882089608AA08BE08D208E708FB09100925093A094F09640979098F09A409BA09CF09E509FB0A110A270A3D0A540A6A0A810A980AAE0AC50ADC0AF30B0B0B220B390B510B690B800B980BB00BC80BE10BF90C120C2A0C430C5C0C750C8E0CA70CC00CD90CF30D0D0D260D400D5A0D740D8E0DA90DC30DDE0DF80E130E2E0E490E640E7F0E9B0EB60ED20EEE0F090F250F410F5E0F7A0F960FB30FCF0FEC1009102610431061107E109B10B910D710F511131131114F116D118C11AA11C911E81207122612451264128412A312C312E31303132313431363138313A413C513E5140614271449146A148B14AD14CE14F01512153415561578159B15BD15E0160316261649166C168F16B216D616FA171D17411765178917AE17D217F7181B18401865188A18AF18D518FA19201945196B199119B719DD1A041A2A1A511A771A9E1AC51AEC1B141B3B1B631B8A1BB21BDA1C021C2A1C521C7B1CA31CCC1CF51D1E1D471D701D991DC31DEC1E161E401E6A1E941EBE1EE91F131F3E1F691F941FBF1FEA20152041206C209820C420F0211C2148217521A121CE21FB22272255228222AF22DD230A23382366239423C223F0241F244D247C24AB24DA250925382568259725C725F726272657268726B726E827182749277A27AB27DC280D283F287128A228D429062938296B299D29D02A022A352A682A9B2ACF2B022B362B692B9D2BD12C052C392C6E2CA22CD72D0C2D412D762DAB2DE12E162E4C2E822EB72EEE2F242F5A2F912FC72FFE3035306C30A430DB3112314A318231BA31F2322A3263329B32D4330D3346337F33B833F1342B3465349E34D83513354D358735C235FD3637367236AE36E937243760379C37D738143850388C38C839053942397F39BC39F93A363A743AB23AEF3B2D3B6B3BAA3BE83C273C653CA43CE33D223D613DA13DE03E203E603EA03EE03F213F613FA23FE24023406440A640E74129416A41AC41EE4230427242B542F7433A437D43C044034447448A44CE45124555459A45DE4622466746AB46F04735477B47C04805484B489148D7491D496349A949F04A374A7D4AC44B0C4B534B9A4BE24C2A4C724CBA4D024D4A4D934DDC4E254E6E4EB74F004F494F934FDD5027507150BB51065150519B51E65231527C52C75313535F53AA53F65442548F54DB5528557555C2560F565C56A956F75744579257E0582F587D58CB591A596959B85A075A565AA65AF55B455B955BE55C355C865CD65D275D785DC95E1A5E6C5EBD5F0F5F615FB36005605760AA60FC614F61A261F56249629C62F06343639763EB6440649464E9653D659265E7663D669266E8673D679367E9683F689668EC6943699A69F16A486A9F6AF76B4F6BA76BFF6C576CAF6D086D606DB96E126E6B6EC46F1E6F786FD1702B708670E0713A719571F0724B72A67301735D73B87414747074CC7528758575E1763E769B76F8775677B37811786E78CC792A798979E77A467AA57B047B637BC27C217C817CE17D417DA17E017E627EC27F237F847FE5804780A8810A816B81CD8230829282F4835783BA841D848084E3854785AB860E867286D7873B879F8804886988CE8933899989FE8A648ACA8B308B968BFC8C638CCA8D318D988DFF8E668ECE8F368F9E9006906E90D6913F91A89211927A92E3934D93B69420948A94F4955F95C99634969F970A977597E0984C98B89924999099FC9A689AD59B429BAF9C1C9C899CF79D649DD29E409EAE9F1D9F8B9FFAA069A0D8A147A1B6A226A296A306A376A3E6A456A4C7A538A5A9A61AA68BA6FDA76EA7E0A852A8C4A937A9A9AA1CAA8FAB02AB75ABE9AC5CACD0AD44ADB8AE2DAEA1AF16AF8BB000B075B0EAB160B1D6B24BB2C2B338B3AEB425B49CB513B58AB601B679B6F0B768B7E0B859B8D1B94AB9C2BA3BBAB5BB2EBBA7BC21BC9BBD15BD8FBE0ABE84BEFFBF7ABFF5C070C0ECC167C1E3C25FC2DBC358C3D4C451C4CEC54BC5C8C646C6C3C741C7BFC83DC8BCC93AC9B9CA38CAB7CB36CBB6CC35CCB5CD35CDB5CE36CEB6CF37CFB8D039D0BAD13CD1BED23FD2C1D344D3C6D449D4CBD54ED5D1D655D6D8D75CD7E0D864D8E8D96CD9F1DA76DAFBDB80DC05DC8ADD10DD96DE1CDEA2DF29DFAFE036E0BDE144E1CCE253E2DBE363E3EBE473E4FCE584E60DE696E71FE7A9E832E8BCE946E9D0EA5BEAE5EB70EBFBEC86ED11ED9CEE28EEB4EF40EFCCF058F0E5F172F1FFF28CF319F3A7F434F4C2F550F5DEF66DF6FBF78AF819F8A8F938F9C7FA57FAE7FB77FC07FC98FD29FDBAFE4BFEDCFF6DFFFFFFEE000E41646F626500644000000001FFDB0084000A0A0A0A0A0A0B0C0C0B0F100E100F16141313141622181A181A182233202520202520332D372C292C372D5140383840515E4F4A4F5E716565718F888FBBBBFB010A0A0A0A0A0A0B0C0C0B0F100E100F16141313141622181A181A182233202520202520332D372C292C372D5140383840515E4F4A4F5E716565718F888FBBBBFBFFC200110800C1009003012200021101031101FFC4001B00000203010101000000000000000000000001020304050607FFDA0008010100000000A500000000D20000000188031F1E11DFDA001880CDE5A9887A1EC8031051E63341272F45D70188387C6766AA616D7EB240C41E6EBDBD1F4F8A7D6F9F69DE0C41E7FAFE8BA3BE174BC570BA80C41C5F5B46AF412E6591F17B41880DD2A65BE9E864E7660620E8DFD0AAAD2B6E2E3E10620EAF6619FA3BB0D97F8BC80C413F56EDC5B77ACDE1806203D3EB8E0E96F9713CB00C4074BB7CFC7B7A9D0F1BCF018807E92D8ECD5C7F3200C4069ED679E8D787CE00311AAAF456E386DDF779AC14563D174F4BDD24ECBABC34433471F6AC82B68DB3618A518CD164A54A92204A494DC633BAB928CA438C494421A609856DA539244A8D49038C584812951AA75B9351B215C994DC47FFC4001B01000203010101000000000000000000000001040506030207FFDA0008010210000000DE80000F96662DA681A1E52B52D35CA1E1A1A56BB243C2C44ECB66878BAD0B8D721D06599ADBA43E1F3F3BEF3A239D36554AD5D93CBC18DC072645954A3CAF4DA60001E00003FFC4001B01010002030101000000000000000000000005060102040307FFDA0008010310000000F9E001E96BEA89AE05BA572AB420BEF76D987A48BFF66D88BA38BCCA33074D161B6EFA532107BFD1BDB8BE7BE67ACDDC33C94F8BD6D921D5D19D797963260DF6D353001B8647FFC400361000010401020405020307050100000000010002031104213105122051134161718122321042A11452627291B1C1061524334092FFDA0008010100013F0024D9D4AB3DD59EEACF7567BAB3DD59EEACF7567BAB3DD59EEACF7567BAB3DD59EEACF7567BA04D8D4A3B9FFC23708EE7AB2F362C502FEA79D9A0A7715C871D0B5BEC17FB964D5193F44CE2592C3A485C3F89637160EFA666D7F137AC6E11DCF4E4E4B6061D7EA3B295DCEF2E26C9DC9561122D171DA95B851A5859E392363CDEB43A86E11DCF464CDE042E7FC052CC6425CE75928EAB97D69556CAA86A50349AE3DD70DCA7CA7C3759D2C1E91B84773D1C5A5B2C887B941B65729BD9084BB53B28B09F25903452E238388A4FC27B4374D4A1C3E62C2E0D58EF741307551098E0F6B5DDC5F40DC23B9E8E26089DE4AC380CA404CC2739BCC46E547C3CBC8681A0A0A0E1CC8E2A23C91E16D7BC9AF351F0C697EA2F608F0F85B116F28D9714C4F0277E94B87C85F0D1DC1E81B84773D1C49A4CCE5C1716D9CE42661871FB541894EBA46320526C49B072D1A4E1A2FF0052E3D064A068742B8758E61E9D03708EE7A33C0331F8582C6E361B1DCBF97609FC4B298EB1180DECB138E3B9AA584B7D54594C99B6D29F3B631654BC7638DC5BC8F3EC145C53C5A22334B8AC6CC9E1F33BB36D61369AE3D03708EE7A337873A7C566542F6DC7A3DA74D85920AC2CF393186C1133958DFB9E48BAEC0293319113CF2416059018E757F451E5332C9F04E3BC8DC379987FA390E278FC3E46B724491076C6AC1F908712873CB9B891BE6E502DDA35A2FD4A74E2020E41C6881D81B71504D14B5E14B013B814E048F95C4388BF1D92C12C4D2D737979997A17EDBA7E13B0B1E0123878AF687D0D803D03708EE7A2273E4C6640CD39E4E471F472E158031229E176AE8E522FBB0EA13B87C4F2488DBA8A2A0E138F8E6DB131946F451E3B32F899A6B4B60655916039E998EDC3E2333480199118208140B99A1595C220C97073D9CDADDDD15160C4D2CB8DBF48A6FA05C5313F6D971F101A05FE349E818282CC95EF6C2D93EF0DD4F40DC23B9E8E165A652C35761E3E345246C2FE6361DB5B4907F444BFCA57FE8A4131D04B21BEF4B031DB0343583CEC9DC927CCAC98639DBCAF1A5D820D107B82BC19186B9DE7E508C9D0B9FF000EAFECA28A38838B5A02CE707643C0D9B4DE81B84773D0C7BA37B5ED3441B5CDCED6BBB805359CC9E1AC8C9A4CE28D13F8618E0DFDFF0024FE23C92C71F80F7B5DBBC5537DD0A70B45AB325F030E77DD1E4A1EE74E91B84773D386F1263467B0A3F081A4F99A451202FF008AE7EAEF9511C71403EFD4A0F0895C7240DC68E3BD5EFBF81D23708EE7A787E408DC6371D1C74F744AC8C564E2CDD8DA8909985003A991AEEE1C5370E3751124A4FF0032831BC2A2647B8FA957A2E259432B2496FD8D1CADE91B84773D2DD1C3DD1968D390A28C0C7A8208D81681718CA7321644C35E25F31F41D43708EE7A716133CCD68D81B3ECA766A4A0E7B3ED3F09B3487F2FEA993C97A04C324875341719C777850CAD1A32C3BE7A86E11DCFE1BA662C8F700480BF66C87E7BF1DA1AD8042D778BBB8B8FA2C68598F10636CF771DC94E6DA9223E499139471D288008B852CFE1E6CC98BC9EAC7683E084DC47BB1E39090D796DB99D93E29180173743F88DC26E348F3AFD22F729F8458DE60EB0A385B1D102CF744FDB20DF62A4FA0B651E5A3BF97BFC26905A08360AB4420004D217384E91644B6444DFB9DBFA37BA92C00C6F9FF64FAAE402C009D8CC711408BECA4C17345B1C1DE87428B5CC700E0414E63AEBCD341028EC53A32C2869A1DBD13081A2717E21B634BA024DB46ECF51E8A39192303D8E0E07CC7E17F85A9F288778508E793F46FAB8A6304409712E793F53BB9448B2506A6B7945A209369D1F35730047AA6D4868BB5B55468DAD4B751A8445AE42345646E2C774E81AE7733416BBCDCD34899E315CCD77BE8507646FCA3FFA41D91E61A3E5181EFF00BDEE23B0FA572B6300319F0110E45841BA4D165155A5A06CE888208349DF5016511B1B548FA05B2D08B6BA8A0D76E69107C805CB7B0015381A2EA1D823574151557E488FC1C155116101B824AA37A689C29DEAB5235400F3DD39B634F247436B5D4A04D0A055D92023D906D91E4A852AD7CA93ACEFB2AA016C2CD84F36E1EE9BF68344A20F9374F45CBD90AFDED5576DD10D3BDA2022056F48802B525728BBB40054D475AECB41E6B7F35CA55100A6B4178AEEBF28F643FC27FDC533FEB7FBA76E3DD3B67277F84771EC87DBFD50DCAF3286E176F75F9C7B947EE2BF223F68F74CFBC2FFC4002E11000201020307030207000000000000000102030004051121101213203141512261711481303340436291B1FFDA0008010201013F00FC396548519DCE4055C62771339DC6289D80AFABB9D0F19F3F935638A30223B86CC766E6C52732DCB26F7A134036662B31583DC19237899B329A8F8E5BB244F3E67F71AB78D6B46B0A90ADDC3EE4A9E5BCF55C4C474E237FB5DBA56BB30A0A2F22DEF3A7CE5CB8A270AF26196418861F7ACF667582A712EC365A2213F7E9CB8F459C50C99746209F9E4C0E2DCB42FDDDCFF4396E604B985E27E8C28E95BDED56B035D4E9129C8B1EB514490C691A0F4A8C8724B3C508064755F9ABAC6A111BAC218B9040274036DA5C1B5B88E6033DDEDE41A8717B397204B21FE4291D5D4323061E41CF6498A5DB9F4B041E00A9249256DE91CB3793522771B32A02913747BD453CD07E5C8CB5062F2A6932EF8F2343C8514F6AE12FBD050BD07E9BFFC4002F11000201030106040407000000000000000102030004110513202131415110122261627181D1061430334091B1FFDA0008010301013F00FD386192791638C658D5B6956D0A0F3A891FA935F92B5C11B04C1F8455FE90A4192D9707AA7DB7B49B758AD51CAFAE4E24F860D60D6B56C23952645C07E0DF3DDB300C106070D9AD045AE15C2B57883D9CDEC030DDB2056DA0079EC93FCAE03AD657C3572C6CA6F2F6E3F2CEEE9326D6C6039CB28287E958F615D6B1D702B5C936764541E32381F41C777F0F4B89A68B3CD4301F2A158F63E1AF4BE7BC11F48D07F6776DA77B69D254E6A6856D3872ABBB95B58249986428E5DC9A9A579E5795CE59C9277228269C91146CDDF1569A14E64479CA88C10480724D0AC0ABDB65BBB6920271E61C0F622A7D16F61C90AAE3E134E8F1B15752AC3A118F08F49B38C7A94C87B93F6A8E38E150B1A055EC2A2900F49FA786689029DFCE7D854D6F04FF00BB12B54FA342FC606F21EC788DC123AF235B67F6A2ECDCCFF1BFFFD9);

-- ----------------------------
-- Table structure for reward_info
-- ----------------------------
DROP TABLE IF EXISTS `reward_info`;
CREATE TABLE `reward_info`  (
  `REWARD_INDEX` varchar(8) CHARACTER SET utf8mb3 COLLATE utf8mb3_general_ci NOT NULL COMMENT '索引',
  `STUDENT_ID` varchar(16) CHARACTER SET utf8mb3 COLLATE utf8mb3_general_ci NOT NULL COMMENT '学生ID',
  `STUDENT_NAME` varchar(8) CHARACTER SET utf8mb3 COLLATE utf8mb3_general_ci NULL DEFAULT NULL COMMENT '姓名',
  `DATE` datetime NULL DEFAULT NULL COMMENT '时间',
  `TYPE` varchar(2) CHARACTER SET utf8mb3 COLLATE utf8mb3_general_ci NULL DEFAULT NULL COMMENT '奖励惩罚类型',
  `REWARD_NOTE` varchar(255) CHARACTER SET utf8mb3 COLLATE utf8mb3_general_ci NOT NULL COMMENT '奖励明细',
  `DELSTATUS` varchar(2) CHARACTER SET utf8mb3 COLLATE utf8mb3_general_ci NULL DEFAULT NULL COMMENT '删除标记',
  PRIMARY KEY (`REWARD_INDEX`, `STUDENT_ID`) USING BTREE
) ENGINE = InnoDB CHARACTER SET = utf8mb3 COLLATE = utf8mb3_general_ci ROW_FORMAT = DYNAMIC;

-- ----------------------------
-- Records of reward_info
-- ----------------------------
INSERT INTO `reward_info` VALUES ('250aefa6', '2210002563', '姚磊', '2021-06-11 00:00:00', '奖励', '国家奖学金5000', '0');
INSERT INTO `reward_info` VALUES ('9bfeaedc', '2210002566', '王五', '2021-06-06 00:00:00', '奖励', '奖学金5000', '0');

-- ----------------------------
-- Table structure for score_info
-- ----------------------------
DROP TABLE IF EXISTS `score_info`;
CREATE TABLE `score_info`  (
  `SCORE_INDEX` varchar(8) CHARACTER SET utf8mb3 COLLATE utf8mb3_general_ci NULL DEFAULT NULL COMMENT '成绩索引学生ID+课程ID',
  `STUDENT_ID` varchar(12) CHARACTER SET utf8mb3 COLLATE utf8mb3_general_ci NOT NULL COMMENT '学生ID',
  `COURSE_ID` varchar(64) CHARACTER SET utf8mb3 COLLATE utf8mb3_general_ci NULL DEFAULT NULL COMMENT '专业ID',
  `DAILY_SCORE` varchar(6) CHARACTER SET utf8mb3 COLLATE utf8mb3_general_ci NULL DEFAULT NULL COMMENT '平时得分',
  `LAST_SOCRE` varchar(6) CHARACTER SET utf8mb3 COLLATE utf8mb3_general_ci NULL DEFAULT NULL COMMENT '期末得分',
  `CREDIT_SOCRE` varchar(6) CHARACTER SET utf8mb3 COLLATE utf8mb3_general_ci NULL DEFAULT NULL COMMENT '学分'
) ENGINE = InnoDB CHARACTER SET = utf8mb3 COLLATE = utf8mb3_general_ci ROW_FORMAT = DYNAMIC;

-- ----------------------------
-- Records of score_info
-- ----------------------------
INSERT INTO `score_info` VALUES ('6a455d09', '2210002563', '00015', '90', '90', '9');
INSERT INTO `score_info` VALUES ('9f39bada', '2210002563', '02133', '80', '90', '5');
INSERT INTO `score_info` VALUES ('799816b9', '2210002563', '02134', '0', '0', '0');
INSERT INTO `score_info` VALUES ('764b9f87', '2210002563', '03708', '90', '95', '5');
INSERT INTO `score_info` VALUES ('e531a66e', '2210002565', '00015', '0', '0', '0');
INSERT INTO `score_info` VALUES ('afa00fe1', '2210002565', '02133', '60', '80', '4');
INSERT INTO `score_info` VALUES ('64ab46f2', '2210002565', '02134', '0', '0', '0');
INSERT INTO `score_info` VALUES ('99822289', '2210002565', '03708', '0', '0', '0');
INSERT INTO `score_info` VALUES ('f2f79563', '2210002566', '00015', '0', '0', '0');
INSERT INTO `score_info` VALUES ('9cd4641c', '2210002566', '02133', '0', '0', '0');
INSERT INTO `score_info` VALUES ('bc649653', '2210002566', '02134', '80', '90', '3');
INSERT INTO `score_info` VALUES ('86191f02', '2210002566', '03708', '0', '0', '0');
INSERT INTO `score_info` VALUES ('c011543f', '2210002564', '03708', '0', '0', '0');
INSERT INTO `score_info` VALUES ('45b982a8', '2210002564', '00015', '80', '60', '4');
INSERT INTO `score_info` VALUES ('42d364d2', '2210002564', '02133', '0', '0', '0');
INSERT INTO `score_info` VALUES ('d445ed69', '2210002564', '02134', '0', '0', '0');
INSERT INTO `score_info` VALUES ('8e66acd6', '2210002567', '00015', '0', '0', '0');
INSERT INTO `score_info` VALUES ('1e4adf10', '2210002567', '02133', '0', '0', '0');
INSERT INTO `score_info` VALUES ('c00b3ae9', '2210002567', '02134', '0', '0', '0');
INSERT INTO `score_info` VALUES ('0f5cc612', '2210002567', '03708', '0', '0', '0');
INSERT INTO `score_info` VALUES ('df8fe90e', '2210002566', '02141', '0', '0', '0');
INSERT INTO `score_info` VALUES ('83b3c8ac', '2210002565', '02141', '0', '0', '0');
INSERT INTO `score_info` VALUES ('f1e0124a', '2210002567', '02141', '0', '0', '0');
INSERT INTO `score_info` VALUES ('2bc333ff', '2210002563', '02141', '0', '0', '0');

-- ----------------------------
-- Table structure for student_info
-- ----------------------------
DROP TABLE IF EXISTS `student_info`;
CREATE TABLE `student_info`  (
  `ID` varchar(8) CHARACTER SET utf8mb3 COLLATE utf8mb3_general_ci NOT NULL,
  `STUDENT_NAME` varchar(16) CHARACTER SET utf8mb3 COLLATE utf8mb3_general_ci NULL DEFAULT NULL,
  `SEX` varchar(2) CHARACTER SET utf8mb3 COLLATE utf8mb3_general_ci NULL DEFAULT NULL,
  `NUMBER` varchar(20) CHARACTER SET utf8mb3 COLLATE utf8mb3_general_ci NULL DEFAULT NULL,
  `SYSTEM_NAME` varchar(64) CHARACTER SET utf8mb3 COLLATE utf8mb3_general_ci NULL DEFAULT NULL,
  `CERTIFICATE` varchar(8) CHARACTER SET utf8mb3 COLLATE utf8mb3_general_ci NULL DEFAULT NULL,
  `CERTIFICATENUMBER` varchar(20) CHARACTER SET utf8mb3 COLLATE utf8mb3_general_ci NULL DEFAULT NULL,
  `ADDRESS` varchar(128) CHARACTER SET utf8mb3 COLLATE utf8mb3_general_ci NULL DEFAULT NULL,
  `PHONE` varchar(11) CHARACTER SET utf8mb3 COLLATE utf8mb3_general_ci NULL DEFAULT NULL,
  `DATE` date NULL DEFAULT NULL,
  `SCHOOLNAME` varchar(64) CHARACTER SET utf8mb3 COLLATE utf8mb3_general_ci NULL DEFAULT NULL,
  `COMPANY` varchar(64) CHARACTER SET utf8mb3 COLLATE utf8mb3_general_ci NULL DEFAULT NULL,
  `MAJORLEVEL` varchar(4) CHARACTER SET utf8mb3 COLLATE utf8mb3_general_ci NULL DEFAULT NULL,
  `MAJORTYPE` varchar(16) CHARACTER SET utf8mb3 COLLATE utf8mb3_general_ci NULL DEFAULT NULL,
  `MAJORNAME` varchar(64) CHARACTER SET utf8mb3 COLLATE utf8mb3_general_ci NULL DEFAULT NULL,
  `MAJORNUM` varchar(8) CHARACTER SET utf8mb3 COLLATE utf8mb3_general_ci NULL DEFAULT NULL,
  `EMAIL` varchar(32) CHARACTER SET utf8mb3 COLLATE utf8mb3_general_ci NULL DEFAULT NULL,
  `STUDENTTYPE` varchar(8) CHARACTER SET utf8mb3 COLLATE utf8mb3_general_ci NULL DEFAULT NULL,
  `STUDENTLEVEL` varchar(8) CHARACTER SET utf8mb3 COLLATE utf8mb3_general_ci NULL DEFAULT NULL,
  `STUDENTEDU` varchar(8) CHARACTER SET utf8mb3 COLLATE utf8mb3_general_ci NULL DEFAULT NULL,
  `POLITICS` varchar(16) CHARACTER SET utf8mb3 COLLATE utf8mb3_general_ci NULL DEFAULT NULL,
  `NATION` varchar(16) CHARACTER SET utf8mb3 COLLATE utf8mb3_general_ci NULL DEFAULT NULL,
  `OCCUPATION` varchar(16) CHARACTER SET utf8mb3 COLLATE utf8mb3_general_ci NULL DEFAULT NULL,
  `WORKCOMPANY` varchar(64) CHARACTER SET utf8mb3 COLLATE utf8mb3_general_ci NULL DEFAULT NULL,
  `HEALTH` varchar(8) CHARACTER SET utf8mb3 COLLATE utf8mb3_general_ci NULL DEFAULT NULL,
  `CENSUS` varchar(8) CHARACTER SET utf8mb3 COLLATE utf8mb3_general_ci NULL DEFAULT NULL,
  `POSTNUM` varchar(6) CHARACTER SET utf8mb3 COLLATE utf8mb3_general_ci NULL DEFAULT NULL,
  `ENGNAME` varchar(16) CHARACTER SET utf8mb3 COLLATE utf8mb3_general_ci NULL DEFAULT NULL,
  `BIRTHDAY` date NULL DEFAULT NULL,
  `COLLECTIVE_CODE` varchar(16) CHARACTER SET utf8mb3 COLLATE utf8mb3_general_ci NULL DEFAULT NULL,
  `GRADUATION` varchar(8) CHARACTER SET utf8mb3 COLLATE utf8mb3_general_ci NULL DEFAULT NULL,
  `SIGN` varchar(8) CHARACTER SET utf8mb3 COLLATE utf8mb3_general_ci NULL DEFAULT NULL,
  `SIGNTYPE` varchar(8) CHARACTER SET utf8mb3 COLLATE utf8mb3_general_ci NULL DEFAULT NULL,
  `TEACHER` varchar(8) CHARACTER SET utf8mb3 COLLATE utf8mb3_general_ci NULL DEFAULT NULL,
  `DELSTATUS` varchar(2) CHARACTER SET utf8mb3 COLLATE utf8mb3_general_ci NULL DEFAULT NULL,
  PRIMARY KEY (`ID`) USING BTREE
) ENGINE = InnoDB CHARACTER SET = utf8mb3 COLLATE = utf8mb3_general_ci ROW_FORMAT = DYNAMIC;

-- ----------------------------
-- Records of student_info
-- ----------------------------
INSERT INTO `student_info` VALUES ('58370296', '张三', '男', '2210002564', '自动化系', '身份证', '510704199502137598', '绵阳游仙', '12312341234', '2021-05-24', '西南科技大学', '绵阳众信', '本科', '一类', '机电一体化技术', '580201', '', '一类', '应用型', '大专', '', '汉族', '', '', '', '城市户口', '', '', '1995-02-13', '', '', '', '', '1', '0');
INSERT INTO `student_info` VALUES ('8e5b3146', '王五', '男', '2210002566', '通信工程系', '身份证', '511381199268456931', '四川省成都市', '12323233232', '2021-06-03', '西南科技大学', '绵阳众信', '本科', '', '信号与信息处理', '081002', '', '一类', '应用型', '大专', '', '汉族', '', '', '', '城市户口', '', '', '2021-06-03', '', '', '', '', '', '0');
INSERT INTO `student_info` VALUES ('de3b17c2', '李四', '男', '2210002565', '通信工程系', '身份证', '511381199504168941', '四川省南充市', '13212341234', '2021-06-03', '西南科技大学', '绵阳众信', '本科', '', '信号与信息处理', '081002', '', '一类', '应用型', '大专', '', '汉族', '', '', '', '城市户口', '', '', '2021-06-03', '', '', '', '', '', '0');
INSERT INTO `student_info` VALUES ('ed734504', '赵六', '男', '2210002567', '通信工程系', '身份证', '511381199207294818', '四川德阳', '12323233232', '2021-06-09', '西南科技大学', '绵阳众信', '本科', '', '信号与信息处理', '081002', '', '一类', '应用型', '专科', '', '汉族', '', '', '', '城市户口', '', '', '1992-07-29', '', '', '', '', '王老师', '0');
INSERT INTO `student_info` VALUES ('f33470eb', '姚磊', '男', '2210002563', '通信工程系', '身份证', '511381199207200684', '四川省绵阳市', '18681606162', '2021-05-23', '西南科技大学', '绵阳众信', '本科', '1', '信号与信息处理', '081002', '642390042@qq.com', '一类', '应用型', '专科', '', '汉族', '', '无', '健康', '城市户口', '621000', '', '2021-05-23', '', '', '', '', '李老师', '0');

-- ----------------------------
-- Table structure for system_info
-- ----------------------------
DROP TABLE IF EXISTS `system_info`;
CREATE TABLE `system_info`  (
  `SYSTEM_INDEX` varchar(8) CHARACTER SET utf8mb3 COLLATE utf8mb3_general_ci NOT NULL COMMENT '系部索引',
  `SYSTEM_NAME` varchar(255) CHARACTER SET utf8mb3 COLLATE utf8mb3_general_ci NOT NULL COMMENT '系部名称',
  `SYSTEM_NOTE` text CHARACTER SET utf8mb3 COLLATE utf8mb3_general_ci NULL COMMENT '系部简介',
  `BELONG_DEPARTMENT` varchar(8) CHARACTER SET utf8mb3 COLLATE utf8mb3_general_ci NOT NULL COMMENT '所属院部',
  `DELSTATUS` varchar(4) CHARACTER SET utf8mb3 COLLATE utf8mb3_general_ci NULL DEFAULT NULL COMMENT '删除状态',
  PRIMARY KEY (`SYSTEM_INDEX`, `BELONG_DEPARTMENT`) USING BTREE
) ENGINE = InnoDB CHARACTER SET = utf8mb3 COLLATE = utf8mb3_general_ci ROW_FORMAT = DYNAMIC;

-- ----------------------------
-- Records of system_info
-- ----------------------------
INSERT INTO `system_info` VALUES ('089fb7d8', '0dLNwdPrtcDHxc+1', '0dLNwdPrtcDHxc+1vPK96Q==', 'ab68e906', '0');
INSERT INTO `system_info` VALUES ('1641eae3', 'zajQxbmks8zPtQ==', 'zajQxbmks8zPtbzyvek=', '1392dd53', '0');
INSERT INTO `system_info` VALUES ('1cd840c6', 'sLLIq7mks8zPtQ==', 'sLLIq7mks8zPtbzyvek=', 'f1b2f8cc', '0');
INSERT INTO `system_info` VALUES ('1f55ea20', 'ytDV/rmks8zPtQ==', 'ytDV/rmks8zPtbzyvek=', 'ab68e906', '0');
INSERT INTO `system_info` VALUES ('46e9d2ef', 'vajW/rmks8zPtQ==', 'vajW/rmks8zPtbzyvek=', 'ab68e906', '0');
INSERT INTO `system_info` VALUES ('63322dac', '19S2r7uvz7U=', '19S2r7uv0ae/xsrHvK+/2NbGv8bRp6Giz7XNs7/G0aehotDFz6K/xtGnus28xsvju/q/xtGn09rSu8zltcS8q8bku+7UvrXEvt/T0LnjwKvTptPDwezT8rXE0ae/xqOsttS5+rzSvq28w72oyei6zcn6svq9qMnotcjU2r21tc2zybG+oaLM4bjfsvrGt9bKwb+y+sG/oaLM4bjf19S2r7uvy67GvbrNudzA7cuuxr2hos3Gtq+5+rzSuaTStc/WtPq7r6Gi1PbHv9fbus+5+sGmtci3vcPmvt/T0NbY0qrX99PDo6y437/GvLzX1Lavu6/Kx7n6vNK1xNbY0qq/xry81qfW+aGj', '1392dd53', '0');
INSERT INTO `system_info` VALUES ('6345ef42', 'v/PO77zTuaS5pLPMz7U=', 'v/PO77zTuaS5pLPMz7W88r3p', 'f1b2f8cc', '0');
INSERT INTO `system_info` VALUES ('7b202c4a', 'tefX07mks8zPtQ==', 'tefX07mks8zXqNK1ysfSu7j2tefX07rN0MXPormks8y3vcPmtcS9z7/tv9q+tteo0rWjrNb30qrF4NH4vt+xuLXn19O8vMr1us3Qxc+iz7XNs7XEu/m0odaqyrajrMTctNPKwrj3wOC159fTyeixuLrN0MXPos+1zbO1xNHQvr+hosnovMahotbG1OyhotOm08O6zb+qt6K1xLjftci5pLPMvLzK9cjLssU=', '1392dd53', '0');
INSERT INTO `system_info` VALUES ('a1b676c8', 'uaSzzMGm0afPtQ==', 'uaSzzMGm0afPtbzyvek=', 'ab68e906', '0');
INSERT INTO `system_info` VALUES ('c829e6b2', 'uaSzzLncwO3PtQ==', 'uaSzzLncwO3Ptbzyvek=', 'ab68e906', '0');
INSERT INTO `system_info` VALUES ('e7c9c94b', 'u7e+s7mks8zPtQ==', 'u7e+s7mks8zPtbzyvek=', 'f1b2f8cc', '0');
INSERT INTO `system_info` VALUES ('ecd70e3a', 'v/PStbmks8zPtQ==', 'v/PStbmks8zPtbzyvek=', 'f1b2f8cc', '0');

-- ----------------------------
-- Table structure for teacher_info
-- ----------------------------
DROP TABLE IF EXISTS `teacher_info`;
CREATE TABLE `teacher_info`  (
  `TEACHER_ID` varchar(8) CHARACTER SET utf8mb3 COLLATE utf8mb3_general_ci NOT NULL COMMENT '教师ID',
  `TEACHER_NAME` varchar(8) CHARACTER SET utf8mb3 COLLATE utf8mb3_general_ci NULL DEFAULT NULL COMMENT '教师姓名',
  `TEACHER_SEX` varchar(2) CHARACTER SET utf8mb3 COLLATE utf8mb3_general_ci NULL DEFAULT NULL COMMENT '教师性别',
  `TEACHER_NOTE` varchar(255) CHARACTER SET utf8mb3 COLLATE utf8mb3_general_ci NULL DEFAULT NULL COMMENT '教师简介',
  `PASSWORD` varchar(16) CHARACTER SET utf8mb3 COLLATE utf8mb3_general_ci NULL DEFAULT NULL COMMENT '登录密码',
  `DELSTATUS` varchar(2) CHARACTER SET utf8mb3 COLLATE utf8mb3_general_ci NULL DEFAULT NULL COMMENT '删除标记',
  PRIMARY KEY (`TEACHER_ID`) USING BTREE
) ENGINE = InnoDB CHARACTER SET = utf8mb3 COLLATE = utf8mb3_general_ci ROW_FORMAT = DYNAMIC;

-- ----------------------------
-- Records of teacher_info
-- ----------------------------
INSERT INTO `teacher_info` VALUES ('12345', '张教师', '女', '教师简介', '2345', '0');
INSERT INTO `teacher_info` VALUES ('12346', '李老师', '男', '教师简介', '375EF066B038516A', '0');
INSERT INTO `teacher_info` VALUES ('12347', '王老师', '女', '教师简介', '375EF066B038516A', '0');

SET FOREIGN_KEY_CHECKS = 1;
